<?xml version="1.0" encoding="utf-8"?>
<ModelInformation Version="1.0">
  <Model>
    <P Name="SavedCharacterEncoding">windows-1252</P>
    <P Name="PostLoadFcn">qc_set_target_type(getConfigSet(bdroot, &apos;QUARC Default Target Configuration&apos;));</P>
    <P Name="ScopeRefreshTime">0.035000</P>
    <P Name="OverrideScopeRefreshTime">on</P>
    <P Name="DisableAllScopes">off</P>
    <P Name="DataTypeOverride">UseLocalSettings</P>
    <P Name="DataTypeOverrideAppliesTo">AllNumericTypes</P>
    <P Name="MinMaxOverflowLogging">UseLocalSettings</P>
    <P Name="MinMaxOverflowArchiveMode">Overwrite</P>
    <P Name="FPTRunName">Run 1</P>
    <P Name="MaxMDLFileLineLength">120</P>
    <P Name="UserBdParams">CheckForProblematicBlocks</P>
    <Object PropName="BdWindowsInfo" ObjectID="1" ClassName="Simulink.BDWindowsInfo">
      <Object PropName="WindowsInfo" ObjectID="2" ClassName="Simulink.WindowInfo">
        <P Name="IsActive" Class="logical">1</P>
        <P Name="Location" Class="double">[-8.0, 0.0, 1936.0, 1176.0]</P>
        <Object PropName="ModelBrowserInfo" ObjectID="3" ClassName="Simulink.ModelBrowserInfo">
          <P Name="Visible" Class="logical">0</P>
          <P Name="DockPosition" Class="char">Left</P>
          <P Name="Width" Class="int32">50</P>
          <P Name="Height" Class="int32">50</P>
          <P Name="Filter" Class="int32">9</P>
        </Object>
        <Object PropName="ExplorerBarInfo" ObjectID="4" ClassName="Simulink.ExplorerBarInfo">
          <P Name="Visible" Class="logical">0</P>
        </Object>
        <Object PropName="EditorsInfo" ObjectID="5" ClassName="Simulink.EditorInfo">
          <P Name="IsActive" Class="logical">1</P>
          <P Name="ViewObjType" Class="char">SimulinkTopLevel</P>
          <P Name="LoadSaveID" Class="char">0</P>
          <P Name="Extents" Class="double">[1886.0, 1031.0]</P>
          <P Name="ZoomFactor" Class="double">1.5</P>
          <P Name="Offset" Class="double">[-214.32769918881129, 54.423060202838244]</P>
        </Object>
      </Object>
    </Object>
    <UserParameters>
      <P Name="CheckForProblematicBlocks">on</P>
    </UserParameters>
    <ConfigManagerSettings>
      <P Name="UpdateHistory">UpdateHistoryNever</P>
      <P Name="ModifiedByFormat">%&lt;Auto&gt;</P>
      <P Name="ModifiedDateFormat">%&lt;Auto&gt;</P>
      <P Name="RTWModifiedTimeStamp">523549773</P>
      <P Name="ModelVersionFormat">1.%&lt;AutoIncrement:61&gt;</P>
    </ConfigManagerSettings>
    <EditorSettings>
      <P Name="SampleTimeColors">off</P>
      <P Name="SampleTimeAnnotations">off</P>
      <P Name="LibraryLinkDisplay">none</P>
      <P Name="WideLines">on</P>
      <P Name="ShowLineDimensions">off</P>
      <P Name="ShowPortDataTypes">off</P>
      <P Name="ShowDesignRanges">off</P>
      <P Name="ShowLoopsOnError">on</P>
      <P Name="IgnoreBidirectionalLines">off</P>
      <P Name="ShowStorageClass">off</P>
      <P Name="ShowTestPointIcons">on</P>
      <P Name="ShowSignalResolutionIcons">on</P>
      <P Name="ShowViewerIcons">on</P>
      <P Name="SortedOrder">off</P>
      <P Name="ExecutionContextIcon">off</P>
      <P Name="ShowLinearizationAnnotations">on</P>
      <P Name="ShowVisualizeInsertedRTB">on</P>
      <P Name="ShowMarkup">on</P>
      <P Name="BlockNameDataTip">off</P>
      <P Name="BlockParametersDataTip">off</P>
      <P Name="BlockDescriptionStringDataTip">off</P>
      <P Name="ToolBar">on</P>
      <P Name="StatusBar">on</P>
      <P Name="BrowserShowLibraryLinks">off</P>
      <P Name="BrowserLookUnderMasks">off</P>
    </EditorSettings>
    <SimulationSettings>
      <P Name="SimulationMode">external</P>
      <P Name="PauseTimes">5</P>
      <P Name="NumberOfSteps">1</P>
      <P Name="SnapshotBufferSize">10</P>
      <P Name="SnapshotInterval">10</P>
      <P Name="NumberOfLastSnapshots">0</P>
      <P Name="LinearizationMsg">none</P>
      <P Name="Profile">off</P>
      <P Name="ParamWorkspaceSource">MATLABWorkspace</P>
      <P Name="AccelSystemTargetFile">accel.tlc</P>
      <P Name="AccelTemplateMakefile">accel_default_tmf</P>
      <P Name="AccelMakeCommand">make_rtw</P>
      <P Name="TryForcingSFcnDF">off</P>
      <Object PropName="DataLoggingOverride" ObjectID="6" ClassName="Simulink.SimulationData.ModelLoggingInfo">
        <P Name="model_" Class="char">heli_new</P>
        <P Name="overrideMode_" Class="double">0.0</P>
        <Array PropName="logAsSpecifiedByModels_" Type="Cell" Dimension="1*1">
          <Cell Class="char">heli_new</Cell>
        </Array>
        <Array PropName="logAsSpecifiedByModelsSSIDs_" Type="Cell" Dimension="1*1">
          <Cell Class="double">[]</Cell>
        </Array>
      </Object>
    </SimulationSettings>
    <ExternalMode>
      <P Name="ExtModeBatchMode">off</P>
      <P Name="ExtModeEnableFloating">on</P>
      <P Name="ExtModeTrigType">manual</P>
      <P Name="ExtModeTrigMode">normal</P>
      <P Name="ExtModeTrigPort">1</P>
      <P Name="ExtModeTrigElement">any</P>
      <P Name="ExtModeTrigDuration">5000</P>
      <P Name="ExtModeTrigDurationFloating">auto</P>
      <P Name="ExtModeTrigHoldOff">0</P>
      <P Name="ExtModeTrigDelay">0</P>
      <P Name="ExtModeTrigDirection">rising</P>
      <P Name="ExtModeTrigLevel">0</P>
      <P Name="ExtModeArchiveMode">off</P>
      <P Name="ExtModeAutoIncOneShot">off</P>
      <P Name="ExtModeIncDirWhenArm">off</P>
      <P Name="ExtModeAddSuffixToVar">off</P>
      <P Name="ExtModeWriteAllDataToWs">off</P>
      <P Name="ExtModeArmWhenConnect">on</P>
      <P Name="ExtModeSkipDownloadWhenConnect">off</P>
      <P Name="ExtModeLogAll">on</P>
      <P Name="ExtModeAutoUpdateStatusClock">on</P>
    </ExternalMode>
    <ModelReferenceSettings>
      <P Name="ShowModelReferenceBlockVersion">off</P>
      <P Name="ShowModelReferenceBlockIO">off</P>
    </ModelReferenceSettings>
    <ConcurrentExecutionSettings>
      <Object PropName="DataTransfer" ObjectID="7" ClassName="Simulink.GlobalDataTransfer">
        <P Name="DefaultTransitionBetweenSyncTasks" Class="char">Ensure deterministic transfer (maximum delay)</P>
        <P Name="DefaultTransitionBetweenAsyncTasks" Class="char">Ensure data integrity only</P>
        <P Name="DefaultTransitionBetweenContTasks" Class="char">Ensure deterministic transfer (minimum delay)</P>
        <P Name="DefaultExtrapolationMethodBetweenContTasks" Class="char">None</P>
        <P Name="AutoInsertRateTranBlk" Class="logical">0</P>
      </Object>
      <P Name="ExplicitPartitioning">off</P>
    </ConcurrentExecutionSettings>
    <SystemDefaults>
      <P Name="PaperOrientation">landscape</P>
      <P Name="PaperPositionMode">auto</P>
      <P Name="PaperType">usletter</P>
      <P Name="PaperUnits">inches</P>
      <P Name="TiledPaperMargins">[0.500000, 0.500000, 0.500000, 0.500000]</P>
      <P Name="TiledPageScale">1</P>
      <P Name="ShowPageBoundaries">off</P>
      <P Name="ModelBrowserVisibility">off</P>
      <P Name="ModelBrowserWidth">200</P>
      <P Name="ScreenColor">white</P>
    </SystemDefaults>
    <BlockDefaults>
      <P Name="ForegroundColor">black</P>
      <P Name="BackgroundColor">white</P>
      <P Name="DropShadow">off</P>
      <P Name="NamePlacement">normal</P>
      <P Name="FontName">Helvetica</P>
      <P Name="FontSize">10</P>
      <P Name="FontWeight">normal</P>
      <P Name="FontAngle">normal</P>
      <P Name="ShowName">on</P>
      <P Name="BlockRotation">0</P>
      <P Name="BlockMirror">off</P>
    </BlockDefaults>
    <AnnotationDefaults>
      <P Name="HorizontalAlignment">center</P>
      <P Name="VerticalAlignment">middle</P>
      <P Name="ForegroundColor">black</P>
      <P Name="BackgroundColor">white</P>
      <P Name="DropShadow">off</P>
      <P Name="FontName">Helvetica</P>
      <P Name="FontSize">10</P>
      <P Name="FontWeight">normal</P>
      <P Name="FontAngle">normal</P>
      <P Name="UseDisplayTextAsClickCallback">off</P>
    </AnnotationDefaults>
    <LineDefaults>
      <P Name="FontName">Helvetica</P>
      <P Name="FontSize">9</P>
      <P Name="FontWeight">normal</P>
      <P Name="FontAngle">normal</P>
    </LineDefaults>
    <MaskDefaults>
      <P Name="SelfModifiable">off</P>
      <P Name="IconFrame">on</P>
      <P Name="IconOpaque">on</P>
      <P Name="RunInitForIconRedraw">off</P>
      <P Name="IconRotate">none</P>
      <P Name="PortRotate">default</P>
      <P Name="IconUnits">autoscale</P>
    </MaskDefaults>
    <MaskParameterDefaults>
      <P Name="Evaluate">on</P>
      <P Name="Tunable">on</P>
      <P Name="NeverSave">off</P>
      <P Name="Internal">off</P>
      <P Name="ReadOnly">off</P>
      <P Name="Enabled">on</P>
      <P Name="Visible">on</P>
      <P Name="ToolTip">on</P>
    </MaskParameterDefaults>
    <BlockParameterDefaults>
      <Block BlockType="Constant">
        <P Name="Value">1</P>
        <P Name="VectorParams1D">on</P>
        <P Name="SamplingMode">Sample based</P>
        <P Name="OutMin">[]</P>
        <P Name="OutMax">[]</P>
        <P Name="OutDataTypeStr">Inherit: Inherit from &apos;Constant value&apos;</P>
        <P Name="LockScale">off</P>
        <P Name="SampleTime">inf</P>
        <P Name="FramePeriod">inf</P>
        <P Name="PreserveConstantTs">off</P>
      </Block>
      <Block BlockType="DeadZone">
        <P Name="LowerValue">-0.5</P>
        <P Name="UpperValue">0.5</P>
        <P Name="SaturateOnIntegerOverflow">on</P>
        <P Name="LinearizeAsGain">on</P>
        <P Name="ZeroCross">on</P>
        <P Name="SampleTime">-1</P>
      </Block>
      <Block BlockType="Demux">
        <P Name="Outputs">4</P>
        <P Name="DisplayOption">none</P>
        <P Name="BusSelectionMode">off</P>
      </Block>
      <Block BlockType="Gain">
        <P Name="Gain">1</P>
        <P Name="Multiplication">Element-wise(K.*u)</P>
        <P Name="ParamMin">[]</P>
        <P Name="ParamMax">[]</P>
        <P Name="ParamDataTypeStr">Inherit: Same as input</P>
        <P Name="OutMin">[]</P>
        <P Name="OutMax">[]</P>
        <P Name="OutDataTypeStr">Inherit: Same as input</P>
        <P Name="LockScale">off</P>
        <P Name="RndMeth">Floor</P>
        <P Name="SaturateOnIntegerOverflow">on</P>
        <P Name="SampleTime">-1</P>
      </Block>
      <Block BlockType="Inport">
        <P Name="Port">1</P>
        <P Name="OutputFunctionCall">off</P>
        <P Name="OutMin">[]</P>
        <P Name="OutMax">[]</P>
        <P Name="OutDataTypeStr">Inherit: auto</P>
        <P Name="LockScale">off</P>
        <P Name="BusOutputAsStruct">off</P>
        <P Name="PortDimensions">-1</P>
        <P Name="VarSizeSig">Inherit</P>
        <P Name="SampleTime">-1</P>
        <P Name="SignalType">auto</P>
        <P Name="SamplingMode">auto</P>
        <P Name="LatchByDelayingOutsideSignal">off</P>
        <P Name="LatchInputForFeedbackSignals">off</P>
        <P Name="Interpolate">on</P>
      </Block>
      <Block BlockType="Integrator">
        <P Name="ExternalReset">none</P>
        <P Name="InitialConditionSource">internal</P>
        <P Name="InitialCondition">0</P>
        <P Name="LimitOutput">off</P>
        <P Name="UpperSaturationLimit">inf</P>
        <P Name="LowerSaturationLimit">-inf</P>
        <P Name="WrapState">off</P>
        <P Name="WrappedStateUpperValue">pi</P>
        <P Name="WrappedStateLowerValue">-pi</P>
        <P Name="ShowSaturationPort">off</P>
        <P Name="ShowStatePort">off</P>
        <P Name="AbsoluteTolerance">auto</P>
        <P Name="IgnoreLimit">off</P>
        <P Name="ZeroCross">on</P>
        <P Name="ContinuousStateAttributes">&apos;&apos;</P>
      </Block>
      <Block BlockType="Mux">
        <P Name="Inputs">4</P>
        <P Name="DisplayOption">none</P>
        <P Name="UseBusObject">off</P>
        <P Name="BusObject">BusObject</P>
        <P Name="NonVirtualBus">off</P>
      </Block>
      <Block BlockType="Outport">
        <P Name="Port">1</P>
        <P Name="OutMin">[]</P>
        <P Name="OutMax">[]</P>
        <P Name="OutDataTypeStr">Inherit: auto</P>
        <P Name="LockScale">off</P>
        <P Name="BusOutputAsStruct">off</P>
        <P Name="PortDimensions">-1</P>
        <P Name="VarSizeSig">Inherit</P>
        <P Name="SampleTime">-1</P>
        <P Name="SignalType">auto</P>
        <P Name="SamplingMode">auto</P>
        <P Name="SourceOfInitialOutputValue">Dialog</P>
        <P Name="OutputWhenDisabled">held</P>
        <P Name="InitialOutput">[]</P>
      </Block>
      <Block BlockType="RateTransition">
        <P Name="Integrity">on</P>
        <P Name="Deterministic">on</P>
        <P Name="X0">0</P>
        <P Name="OutPortSampleTimeOpt">Specify</P>
        <P Name="OutPortSampleTimeMultiple">1</P>
        <P Name="OutPortSampleTime">-1</P>
      </Block>
      <Block BlockType="Saturate">
        <P Name="UpperLimitSource">Dialog</P>
        <P Name="UpperLimit">0.5</P>
        <P Name="LowerLimitSource">Dialog</P>
        <P Name="LowerLimit">-0.5</P>
        <P Name="LinearizeAsGain">on</P>
        <P Name="ZeroCross">on</P>
        <P Name="SampleTime">-1</P>
        <P Name="OutMin">[]</P>
        <P Name="OutMax">[]</P>
        <P Name="OutDataTypeStr">Inherit: Same as input</P>
        <P Name="LockScale">off</P>
        <P Name="RndMeth">Floor</P>
      </Block>
      <Block BlockType="Scope">
        <P Name="DefaultConfigurationName">Simulink.scopes.TimeScopeBlockCfg</P>
        <P Name="NumInputPorts">1</P>
        <P Name="Floating">off</P>
      </Block>
      <Block BlockType="SubSystem">
        <P Name="ShowPortLabels">FromPortIcon</P>
        <P Name="Permissions">ReadWrite</P>
        <P Name="PermitHierarchicalResolution">All</P>
        <P Name="TreatAsAtomicUnit">off</P>
        <P Name="MinAlgLoopOccurrences">off</P>
        <P Name="PropExecContextOutsideSubsystem">off</P>
        <P Name="CheckFcnCallInpInsideContextMsg">off</P>
        <P Name="SystemSampleTime">-1</P>
        <P Name="RTWSystemCode">Auto</P>
        <P Name="RTWFcnNameOpts">Auto</P>
        <P Name="RTWFileNameOpts">Auto</P>
        <P Name="FunctionInterfaceSpec">void_void</P>
        <P Name="FunctionWithSeparateData">off</P>
        <P Name="RTWMemSecFuncInitTerm">Inherit from model</P>
        <P Name="RTWMemSecFuncExecute">Inherit from model</P>
        <P Name="RTWMemSecDataConstants">Inherit from model</P>
        <P Name="RTWMemSecDataInternal">Inherit from model</P>
        <P Name="RTWMemSecDataParameters">Inherit from model</P>
        <P Name="SimViewingDevice">off</P>
        <P Name="DataTypeOverride">UseLocalSettings</P>
        <P Name="DataTypeOverrideAppliesTo">AllNumericTypes</P>
        <P Name="MinMaxOverflowLogging">UseLocalSettings</P>
        <P Name="Opaque">off</P>
        <P Name="MaskHideContents">off</P>
        <P Name="SFBlockType">NONE</P>
        <P Name="GeneratePreprocessorConditionals">off</P>
        <P Name="ContentPreviewEnabled">off</P>
        <P Name="IsWebBlock">off</P>
      </Block>
      <Block BlockType="Sum">
        <P Name="IconShape">rectangular</P>
        <P Name="Inputs">++</P>
        <P Name="CollapseMode">All dimensions</P>
        <P Name="CollapseDim">1</P>
        <P Name="InputSameDT">on</P>
        <P Name="AccumDataTypeStr">Inherit: Inherit via internal rule</P>
        <P Name="OutMin">[]</P>
        <P Name="OutMax">[]</P>
        <P Name="OutDataTypeStr">Inherit: Same as first input</P>
        <P Name="LockScale">off</P>
        <P Name="RndMeth">Floor</P>
        <P Name="SaturateOnIntegerOverflow">on</P>
        <P Name="SampleTime">-1</P>
      </Block>
      <Block BlockType="Terminator">
      </Block>
      <Block BlockType="ToFile">
        <P Name="Filename">untitled.mat</P>
        <P Name="MatrixName">ans</P>
        <P Name="SaveFormat">Array</P>
        <P Name="Decimation">1</P>
        <P Name="SampleTime">-1</P>
      </Block>
      <Block BlockType="TransferFcn">
        <P Name="Numerator">[1]</P>
        <P Name="Denominator">[1 2 1]</P>
        <P Name="AbsoluteTolerance">auto</P>
        <P Name="ContinuousStateAttributes">&apos;&apos;</P>
        <P Name="Realization">auto</P>
      </Block>
    </BlockParameterDefaults>
    <System>
      <P Name="Location">[-8, 0, 1928, 1176]</P>
      <P Name="Open">on</P>
      <P Name="TiledPaperMargins">[0.500000, 0.500000, 0.500000, 0.500000]</P>
      <P Name="ZoomFactor">150</P>
      <P Name="ReportName">simulink-default.rpt</P>
      <P Name="SIDHighWatermark">326</P>
      <Block BlockType="SubSystem" Name="Conversion" SID="196">
        <P Name="Ports">[2, 2]</P>
        <P Name="Position">[580, 246, 650, 419]</P>
        <P Name="ZOrder">22</P>
        <P Name="BackgroundColor">green</P>
        <P Name="RequestExecContextInheritance">off</P>
        <P Name="Variant">off</P>
        <System>
          <P Name="Location">[-8, 0, 1928, 1176]</P>
          <P Name="Open">off</P>
          <P Name="PaperType">A4</P>
          <P Name="PaperUnits">centimeters</P>
          <P Name="TiledPaperMargins">[1.270000, 1.270000, 1.270000, 1.270000]</P>
          <P Name="ZoomFactor">100</P>
          <Block BlockType="Inport" Name="Vd [V]" SID="197">
            <P Name="Position">[110, 103, 140, 117]</P>
            <P Name="ZOrder">-1</P>
            <P Name="IconDisplay">Port number</P>
          </Block>
          <Block BlockType="Inport" Name="Vs [V]" SID="199">
            <P Name="Position">[100, 163, 130, 177]</P>
            <P Name="ZOrder">1</P>
            <P Name="Port">2</P>
            <P Name="IconDisplay">Port number</P>
          </Block>
          <Block BlockType="Sum" Name="Add" SID="201">
            <P Name="Ports">[2, 1]</P>
            <P Name="Position">[255, 102, 285, 133]</P>
            <P Name="ZOrder">3</P>
            <P Name="Inputs">-+</P>
            <P Name="InputSameDT">off</P>
            <P Name="OutDataTypeStr">Inherit: Inherit via internal rule</P>
            <P Name="SaturateOnIntegerOverflow">off</P>
          </Block>
          <Block BlockType="Gain" Name="Back gain" SID="203">
            <P Name="Position">[335, 215, 365, 245]</P>
            <P Name="ZOrder">5</P>
            <P Name="Gain">0.5</P>
            <P Name="ParamDataTypeStr">Inherit: Inherit via internal rule</P>
            <P Name="OutDataTypeStr">Inherit: Inherit via internal rule</P>
            <P Name="SaturateOnIntegerOverflow">off</P>
          </Block>
          <Block BlockType="Gain" Name="Front gain" SID="204">
            <P Name="Position">[335, 105, 365, 135]</P>
            <P Name="ZOrder">6</P>
            <P Name="Gain">0.5</P>
            <P Name="ParamDataTypeStr">Inherit: Inherit via internal rule</P>
            <P Name="OutDataTypeStr">Inherit: Inherit via internal rule</P>
            <P Name="SaturateOnIntegerOverflow">off</P>
          </Block>
          <Block BlockType="Scope" Name="Scope" SID="267">
            <P Name="Ports">[1]</P>
            <P Name="Position">[195, 284, 225, 316]</P>
            <P Name="ZOrder">7</P>
            <P Name="ScopeSpecificationString">Simulink.scopes.TimeScopeBlockCfg(&apos;CurrentConfiguration&apos;, extmgr.ConfigurationSet(extmgr.Configuration(&apos;Core&apos;,&apos;General UI&apos;,true),extmgr.Configuration(&apos;Core&apos;,&apos;Source UI&apos;,true),extmgr.Configuration(&apos;Sources&apos;,&apos;WiredSimulink&apos;,true,&apos;DataLoggingVariableName&apos;,&apos;ScopeData1&apos;),extmgr.Configuration(&apos;Visuals&apos;,&apos;Time Domain&apos;,true,&apos;SerializedDisplays&apos;,{struct(&apos;MinYLimReal&apos;,&apos;6.28122&apos;,&apos;MaxYLimReal&apos;,&apos;8.19098&apos;,&apos;YLabelReal&apos;,&apos;&apos;,&apos;MinYLimMag&apos;,&apos;6.28122&apos;,&apos;MaxYLimMag&apos;,&apos;8.19098&apos;,&apos;LegendVisibility&apos;,&apos;off&apos;,&apos;XGrid&apos;,true,&apos;YGrid&apos;,true,&apos;PlotMagPhase&apos;,false,&apos;AxesColor&apos;,[0 0 0],&apos;AxesTickColor&apos;,[0.686274509803922 0.686274509803922 0.686274509803922],&apos;ColorOrder&apos;,[1 1 0.0666666666666667;0.0745098039215686 0.623529411764706 1;1 0.411764705882353 0.16078431372549;0.392156862745098 0.831372549019608 0.0745098039215686;0.717647058823529 0.274509803921569 1;0.0588235294117647 1 1;1 0.0745098039215686 0.650980392156863],&apos;Title&apos;,&apos;%&lt;SignalLabel&gt;&apos;,&apos;LinePropertiesCache&apos;,{{}},&apos;UserDefinedChannelNames&apos;,{{}},&apos;NumLines&apos;,1,&apos;LineNames&apos;,{{&apos;Vs [V]&apos;}},&apos;ShowContent&apos;,true,&apos;Placement&apos;,1)},&apos;DisplayPropertyDefaults&apos;,struct(&apos;MinYLimReal&apos;,&apos;6.28122&apos;,&apos;MaxYLimReal&apos;,&apos;8.19098&apos;,&apos;YLabelReal&apos;,&apos;&apos;,&apos;MinYLimMag&apos;,&apos;6.28122&apos;,&apos;MaxYLimMag&apos;,&apos;8.19098&apos;,&apos;LegendVisibility&apos;,&apos;off&apos;,&apos;XGrid&apos;,true,&apos;YGrid&apos;,true,&apos;PlotMagPhase&apos;,false,&apos;AxesColor&apos;,[0 0 0],&apos;AxesTickColor&apos;,[0.686274509803922 0.686274509803922 0.686274509803922],&apos;ColorOrder&apos;,[0.0745098039215686 0.623529411764706 1;1 0.411764705882353 0.16078431372549;1 1 0.0666666666666667;0.717647058823529 0.274509803921569 1;0.392156862745098 0.831372549019608 0.0745098039215686;0.0588235294117647 1 1;1 0.0745098039215686 0.650980392156863])),extmgr.Configuration(&apos;Tools&apos;,&apos;Plot Navigation&apos;,true,&apos;OnceAtStop&apos;,false,&apos;PreviousZoomMode&apos;,&apos;ZoomOut&apos;,&apos;PreviousAutoscale&apos;,&apos;XY&apos;),extmgr.Configuration(&apos;Tools&apos;,&apos;Measurements&apos;,true,&apos;Version&apos;,&apos;2015b&apos;)),&apos;Version&apos;,&apos;2015b&apos;,&apos;Position&apos;,[769 231 653 498])</P>
          </Block>
          <Block BlockType="Sum" Name="Subtract" SID="202">
            <P Name="Ports">[2, 1]</P>
            <P Name="Position">[255, 212, 285, 243]</P>
            <P Name="ZOrder">4</P>
            <P Name="InputSameDT">off</P>
            <P Name="OutDataTypeStr">Inherit: Inherit via internal rule</P>
            <P Name="SaturateOnIntegerOverflow">off</P>
          </Block>
          <Block BlockType="Outport" Name="Vf [V]" SID="198">
            <P Name="Position">[440, 113, 470, 127]</P>
            <P Name="ZOrder">-2</P>
            <P Name="IconDisplay">Port number</P>
          </Block>
          <Block BlockType="Outport" Name="Vb [V]" SID="200">
            <P Name="Position">[430, 223, 460, 237]</P>
            <P Name="ZOrder">2</P>
            <P Name="Port">2</P>
            <P Name="IconDisplay">Port number</P>
          </Block>
          <Line>
            <P Name="ZOrder">2</P>
            <P Name="Src">197#out:1</P>
            <P Name="Points">[67, 0]</P>
            <Branch>
              <P Name="ZOrder">9</P>
              <P Name="Points">[0, 125]</P>
              <P Name="Dst">202#in:2</P>
            </Branch>
            <Branch>
              <P Name="ZOrder">8</P>
              <P Name="Dst">201#in:1</P>
            </Branch>
          </Line>
          <Line>
            <P Name="ZOrder">3</P>
            <P Name="Src">199#out:1</P>
            <P Name="Points">[20, 0]</P>
            <Branch>
              <P Name="ZOrder">19</P>
              <P Name="Points">[0, 130]</P>
              <P Name="Dst">267#in:1</P>
            </Branch>
            <Branch>
              <P Name="ZOrder">18</P>
              <P Name="Points">[29, 0]</P>
              <Branch>
                <P Name="ZOrder">10</P>
                <P Name="Points">[0, 50]</P>
                <P Name="Dst">202#in:1</P>
              </Branch>
              <Branch>
                <P Name="ZOrder">5</P>
                <P Name="Points">[0, -45]</P>
                <P Name="Dst">201#in:2</P>
              </Branch>
            </Branch>
          </Line>
          <Line>
            <P Name="ZOrder">11</P>
            <P Name="Src">202#out:1</P>
            <P Name="Dst">203#in:1</P>
          </Line>
          <Line>
            <P Name="ZOrder">12</P>
            <P Name="Src">203#out:1</P>
            <P Name="Dst">200#in:1</P>
          </Line>
          <Line>
            <P Name="ZOrder">13</P>
            <P Name="Src">201#out:1</P>
            <P Name="Dst">204#in:1</P>
          </Line>
          <Line>
            <P Name="ZOrder">14</P>
            <P Name="Src">204#out:1</P>
            <P Name="Dst">198#in:1</P>
          </Line>
        </System>
      </Block>
      <Block BlockType="Demux" Name="Demux" SID="276">
        <P Name="Ports">[1, 6]</P>
        <P Name="Position">[-140, 323, -135, 437]</P>
        <P Name="ZOrder">44</P>
        <P Name="ShowName">off</P>
        <P Name="Outputs">6</P>
        <P Name="DisplayOption">bar</P>
      </Block>
      <Block BlockType="Demux" Name="Demux1" SID="302">
        <P Name="Ports">[1, 2]</P>
        <P Name="Position">[385, 261, 390, 299]</P>
        <P Name="ZOrder">57</P>
        <P Name="ShowName">off</P>
        <P Name="Outputs">2</P>
        <P Name="DisplayOption">bar</P>
      </Block>
      <Block BlockType="Gain" Name="Gain" SID="263">
        <P Name="Position">[-40, 110, -10, 140]</P>
        <P Name="ZOrder">35</P>
        <P Name="Gain">4</P>
        <P Name="ParamDataTypeStr">Inherit: Inherit via internal rule</P>
        <P Name="OutDataTypeStr">Inherit: Inherit via internal rule</P>
        <P Name="SaturateOnIntegerOverflow">off</P>
      </Block>
      <Block BlockType="Gain" Name="Gain1" SID="309">
        <P Name="Position">[165, 200, 195, 230]</P>
        <P Name="ZOrder">64</P>
        <P Name="Gain">F</P>
        <P Name="Multiplication">Matrix(K*u)</P>
        <P Name="ParamDataTypeStr">Inherit: Inherit via internal rule</P>
        <P Name="OutDataTypeStr">Inherit: Inherit via internal rule</P>
        <P Name="SaturateOnIntegerOverflow">off</P>
      </Block>
      <Block BlockType="Gain" Name="Gain2" SID="310">
        <P Name="Position">[240, 335, 270, 365]</P>
        <P Name="ZOrder">65</P>
        <P Name="Gain">K</P>
        <P Name="Multiplication">Matrix(K*u)</P>
        <P Name="ParamDataTypeStr">Inherit: Inherit via internal rule</P>
        <P Name="OutDataTypeStr">Inherit: Inherit via internal rule</P>
        <P Name="SaturateOnIntegerOverflow">off</P>
      </Block>
      <Block BlockType="Reference" Name="HIL Initialize" SID="23">
        <P Name="Ports">[]</P>
        <P Name="Position">[315, 69, 399, 144]</P>
        <P Name="ZOrder">-18</P>
        <P Name="Priority">-99</P>
        <P Name="AttributesFormatString">%&lt;object_name&gt; (%&lt;board_type&gt;-%&lt;board_number&gt;)</P>
        <P Name="LibraryVersion">1.1575</P>
        <P Name="UserDataPersistent">on</P>
        <P Name="UserData" Ref="bdmxdata:UserData_23"></P>
        <P Name="SourceBlock">quarc_library/Data Acquisition/Generic/Configuration/HIL Initialize</P>
        <P Name="SourceType">HIL Initialize</P>
        <InstanceData>
          <P Name="object_name">HIL-1</P>
          <P Name="board_type">q8_usb</P>
          <P Name="board_number">0</P>
          <P Name="board_options">update_rate=normal;decimation=1</P>
          <P Name="exclusive">off</P>
          <P Name="active">off</P>
          <P Name="hardware_clocks">[0:2]</P>
          <P Name="clock_modes">[]</P>
          <P Name="initial_clock_frequencies">[]</P>
          <P Name="set_clock_params_at_start">off</P>
          <P Name="set_clock_params_at_switch_in">off</P>
          <P Name="set_clock_frequencies_at_start">off</P>
          <P Name="set_clock_frequencies_at_switch_in">off</P>
          <P Name="analog_input_channels">[0:7]</P>
          <P Name="analog_input_maximums">10</P>
          <P Name="analog_input_minimums">-10</P>
          <P Name="set_analog_input_params_at_start">on</P>
          <P Name="set_analog_input_params_at_switch_in">off</P>
          <P Name="analog_output_channels">[0:7]</P>
          <P Name="analog_output_maximums">10</P>
          <P Name="analog_output_minimums">-10</P>
          <P Name="initial_analog_outputs">[0]</P>
          <P Name="final_analog_outputs">[0]</P>
          <P Name="watchdog_analog_outputs">0</P>
          <P Name="set_analog_output_params_at_start">on</P>
          <P Name="set_analog_output_params_at_switch_in">off</P>
          <P Name="set_analog_outputs_at_start">on</P>
          <P Name="set_analog_outputs_at_switch_in">off</P>
          <P Name="set_analog_outputs_at_terminate">on</P>
          <P Name="set_analog_outputs_at_switch_out">off</P>
          <P Name="set_analog_outputs_on_watchdog">off</P>
          <P Name="digital_input_channels">[]</P>
          <P Name="digital_output_channels">[]</P>
          <P Name="digital_output_configuration">[]</P>
          <P Name="initial_digital_outputs">[1]</P>
          <P Name="final_digital_outputs">[1]</P>
          <P Name="watchdog_digital_outputs">[1]</P>
          <P Name="set_digital_output_params_at_start">off</P>
          <P Name="set_digital_output_params_at_switch_in">off</P>
          <P Name="set_digital_outputs_at_start">on</P>
          <P Name="set_digital_outputs_at_switch_in">off</P>
          <P Name="set_digital_outputs_at_terminate">on</P>
          <P Name="set_digital_outputs_at_switch_out">off</P>
          <P Name="set_digital_outputs_on_watchdog">off</P>
          <P Name="encoder_channels">[0:7]</P>
          <P Name="quadrature">[4]</P>
          <P Name="encoder_filter_frequency">[]</P>
          <P Name="initial_encoder_counts">[0]</P>
          <P Name="set_encoder_params_at_start">on</P>
          <P Name="set_encoder_params_at_switch_in">off</P>
          <P Name="set_encoder_counts_at_start">on</P>
          <P Name="set_encoder_counts_at_switch_in">off</P>
          <P Name="pwm_channels">[0:7]</P>
          <P Name="pwm_modes">0</P>
          <P Name="pwm_frequency">99.532799999999995e6/4095</P>
          <P Name="pwm_configuration">[0]</P>
          <P Name="pwm_alignment">[0]</P>
          <P Name="pwm_polarity">[1]</P>
          <P Name="pwm_leading_deadband">[0]</P>
          <P Name="pwm_trailing_deadband">[0]</P>
          <P Name="initial_pwm_outputs">[0]</P>
          <P Name="final_pwm_outputs">[0]</P>
          <P Name="watchdog_pwm_outputs">[0]</P>
          <P Name="set_pwm_params_at_start">on</P>
          <P Name="set_pwm_params_at_switch_in">off</P>
          <P Name="set_pwm_outputs_at_start">on</P>
          <P Name="set_pwm_outputs_at_switch_in">off</P>
          <P Name="set_pwm_outputs_at_terminate">on</P>
          <P Name="set_pwm_outputs_at_switch_out">off</P>
          <P Name="set_pwm_outputs_on_watchdog">off</P>
          <P Name="other_output_channels">[]</P>
          <P Name="initial_other_outputs">[]</P>
          <P Name="final_other_outputs">[]</P>
          <P Name="watchdog_other_outputs">[]</P>
          <P Name="set_other_outputs_at_start">off</P>
          <P Name="set_other_outputs_at_switch_in">off</P>
          <P Name="set_other_outputs_at_terminate">off</P>
          <P Name="set_other_outputs_at_switch_out">off</P>
          <P Name="set_other_outputs_on_watchdog">off</P>
        </InstanceData>
      </Block>
      <Block BlockType="SubSystem" Name="Heli 3D" SID="160">
        <P Name="Ports">[2, 6]</P>
        <P Name="Position">[720, 243, 940, 417]</P>
        <P Name="ZOrder">20</P>
        <P Name="BackgroundColor">green</P>
        <P Name="RequestExecContextInheritance">off</P>
        <P Name="Variant">off</P>
        <System>
          <P Name="Location">[-8, 0, 1928, 1176]</P>
          <P Name="Open">off</P>
          <P Name="PaperType">A4</P>
          <P Name="PaperUnits">centimeters</P>
          <P Name="TiledPaperMargins">[1.270000, 1.270000, 1.270000, 1.270000]</P>
          <P Name="ZoomFactor">100</P>
          <Block BlockType="Inport" Name="Vf [V]" SID="161">
            <P Name="Position">[110, 238, 140, 252]</P>
            <P Name="ZOrder">-1</P>
            <P Name="IconDisplay">Port number</P>
          </Block>
          <Block BlockType="Inport" Name="Vb [V]" SID="163">
            <P Name="Position">[110, 338, 140, 352]</P>
            <P Name="ZOrder">1</P>
            <P Name="Port">2</P>
            <P Name="IconDisplay">Port number</P>
          </Block>
          <Block BlockType="Saturate" Name="Back motor: Saturation" SID="195">
            <P Name="Ports">[1, 1]</P>
            <P Name="Position">[245, 330, 275, 360]</P>
            <P Name="ZOrder">30</P>
            <P Name="InputPortMap">u0</P>
            <P Name="UpperLimit">5</P>
            <P Name="LowerLimit">-5</P>
          </Block>
          <Block BlockType="Constant" Name="Constant" SID="266">
            <P Name="Position">[1000, 485, 1030, 515]</P>
            <P Name="ZOrder">32</P>
            <P Name="Value">0.5</P>
          </Block>
          <Block BlockType="Gain" Name="Elevation: Count to rad" SID="177">
            <P Name="Position">[720, 422, 805, 478]</P>
            <P Name="ZOrder">12</P>
            <P Name="Gain">-2 * pi /4096</P>
            <P Name="ParamDataTypeStr">Inherit: Inherit via internal rule</P>
            <P Name="OutDataTypeStr">Inherit: Inherit via internal rule</P>
            <P Name="SaturateOnIntegerOverflow">off</P>
          </Block>
          <Block BlockType="Scope" Name="Elevation: Scope [rad/s]" SID="186">
            <P Name="Ports">[1]</P>
            <P Name="Position">[1220, 559, 1250, 591]</P>
            <P Name="ZOrder">21</P>
            <P Name="ScopeSpecificationString">Simulink.scopes.TimeScopeBlockCfg(&apos;CurrentConfiguration&apos;, extmgr.ConfigurationSet(extmgr.Configuration(&apos;Core&apos;,&apos;General UI&apos;,true),extmgr.Configuration(&apos;Core&apos;,&apos;Source UI&apos;,true),extmgr.Configuration(&apos;Sources&apos;,&apos;WiredSimulink&apos;,true,&apos;DataLoggingVariableName&apos;,&apos;ScopeData13&apos;,&apos;DataLoggingSaveFormat&apos;,&apos;StructureWithTime&apos;,&apos;DataLoggingLimitDataPoints&apos;,true,&apos;DataLoggingDecimation&apos;,&apos;1&apos;,&apos;DataLoggingDecimateData&apos;,true),extmgr.Configuration(&apos;Visuals&apos;,&apos;Time Domain&apos;,true,&apos;SerializedDisplays&apos;,{struct(&apos;MinYLimReal&apos;,&apos;-1.58704&apos;,&apos;MaxYLimReal&apos;,&apos;1.23428&apos;,&apos;YLabelReal&apos;,&apos;&apos;,&apos;MinYLimMag&apos;,&apos;0.00000&apos;,&apos;MaxYLimMag&apos;,&apos;1.58704&apos;,&apos;LegendVisibility&apos;,&apos;off&apos;,&apos;XGrid&apos;,true,&apos;YGrid&apos;,true,&apos;PlotMagPhase&apos;,false,&apos;AxesColor&apos;,[0 0 0],&apos;AxesTickColor&apos;,[0.686274509803922 0.686274509803922 0.686274509803922],&apos;ColorOrder&apos;,[1 1 0.0666666666666667;0.0745098039215686 0.623529411764706 1;1 0.411764705882353 0.16078431372549;0.392156862745098 0.831372549019608 0.0745098039215686;0.717647058823529 0.274509803921569 1;0.0588235294117647 1 1;1 0.0745098039215686 0.650980392156863],&apos;Title&apos;,&apos;%&lt;SignalLabel&gt;&apos;,&apos;LinePropertiesCache&apos;,{{}},&apos;UserDefinedChannelNames&apos;,{{}},&apos;NumLines&apos;,1,&apos;LineNames&apos;,{{&apos;Elevation: Transfer Fcn&apos;}},&apos;ShowContent&apos;,true,&apos;Placement&apos;,1)},&apos;DisplayPropertyDefaults&apos;,struct(&apos;MinYLimReal&apos;,&apos;-1.58704&apos;,&apos;MaxYLimReal&apos;,&apos;1.23428&apos;,&apos;YLabelReal&apos;,&apos;&apos;,&apos;MinYLimMag&apos;,&apos;0.00000&apos;,&apos;MaxYLimMag&apos;,&apos;1.58704&apos;,&apos;LegendVisibility&apos;,&apos;off&apos;,&apos;XGrid&apos;,true,&apos;YGrid&apos;,true,&apos;PlotMagPhase&apos;,false,&apos;AxesColor&apos;,[0 0 0],&apos;AxesTickColor&apos;,[0.686274509803922 0.686274509803922 0.686274509803922],&apos;ColorOrder&apos;,[1 1 0.0666666666666667;0.0745098039215686 0.623529411764706 1;1 0.411764705882353 0.16078431372549;0.392156862745098 0.831372549019608 0.0745098039215686;0.717647058823529 0.274509803921569 1;0.0588235294117647 1 1;1 0.0745098039215686 0.650980392156863],&apos;Title&apos;,&apos;%&lt;SignalLabel&gt;&apos;,&apos;LinePropertiesCache&apos;,{{}},&apos;UserDefinedChannelNames&apos;,{{}},&apos;NumLines&apos;,0,&apos;LineNames&apos;,{{[]}},&apos;ShowContent&apos;,true,&apos;Placement&apos;,1)),extmgr.Configuration(&apos;Tools&apos;,&apos;Plot Navigation&apos;,true,&apos;OnceAtStop&apos;,false),extmgr.Configuration(&apos;Tools&apos;,&apos;Measurements&apos;,true,&apos;Version&apos;,&apos;2015b&apos;)),&apos;Version&apos;,&apos;2015b&apos;,&apos;Location&apos;,[249 369 765 823],&apos;VisibleAtModelOpen&apos;,&apos;on&apos;)</P>
          </Block>
          <Block BlockType="Scope" Name="Elevation: Scope [rad]" SID="185">
            <P Name="Ports">[1]</P>
            <P Name="Position">[1220, 474, 1250, 506]</P>
            <P Name="ZOrder">20</P>
            <P Name="ScopeSpecificationString">Simulink.scopes.TimeScopeBlockCfg(&apos;CurrentConfiguration&apos;, extmgr.ConfigurationSet(extmgr.Configuration(&apos;Core&apos;,&apos;General UI&apos;,true),extmgr.Configuration(&apos;Core&apos;,&apos;Source UI&apos;,true),extmgr.Configuration(&apos;Sources&apos;,&apos;WiredSimulink&apos;,true,&apos;DataLoggingVariableName&apos;,&apos;ScopeData12&apos;,&apos;DataLoggingSaveFormat&apos;,&apos;StructureWithTime&apos;,&apos;DataLoggingLimitDataPoints&apos;,true,&apos;DataLoggingDecimation&apos;,&apos;1&apos;,&apos;DataLoggingDecimateData&apos;,true),extmgr.Configuration(&apos;Visuals&apos;,&apos;Time Domain&apos;,true,&apos;SerializedDisplays&apos;,{struct(&apos;MinYLimReal&apos;,&apos;-0.43101&apos;,&apos;MaxYLimReal&apos;,&apos;0.44764&apos;,&apos;YLabelReal&apos;,&apos;&apos;,&apos;MinYLimMag&apos;,&apos;0.00000&apos;,&apos;MaxYLimMag&apos;,&apos;0.44764&apos;,&apos;LegendVisibility&apos;,&apos;off&apos;,&apos;XGrid&apos;,true,&apos;YGrid&apos;,true,&apos;PlotMagPhase&apos;,false,&apos;AxesColor&apos;,[0 0 0],&apos;AxesTickColor&apos;,[0.686274509803922 0.686274509803922 0.686274509803922],&apos;ColorOrder&apos;,[1 1 0.0666666666666667;0.0745098039215686 0.623529411764706 1;1 0.411764705882353 0.16078431372549;0.392156862745098 0.831372549019608 0.0745098039215686;0.717647058823529 0.274509803921569 1;0.0588235294117647 1 1;1 0.0745098039215686 0.650980392156863],&apos;Title&apos;,&apos;%&lt;SignalLabel&gt;&apos;,&apos;LinePropertiesCache&apos;,{{}},&apos;UserDefinedChannelNames&apos;,{{}},&apos;NumLines&apos;,1,&apos;LineNames&apos;,{{&apos;Sum&apos;}},&apos;ShowContent&apos;,true,&apos;Placement&apos;,1)},&apos;DisplayPropertyDefaults&apos;,struct(&apos;MinYLimReal&apos;,&apos;-0.43101&apos;,&apos;MaxYLimReal&apos;,&apos;0.44764&apos;,&apos;YLabelReal&apos;,&apos;&apos;,&apos;MinYLimMag&apos;,&apos;0.00000&apos;,&apos;MaxYLimMag&apos;,&apos;0.44764&apos;,&apos;LegendVisibility&apos;,&apos;off&apos;,&apos;XGrid&apos;,true,&apos;YGrid&apos;,true,&apos;PlotMagPhase&apos;,false,&apos;AxesColor&apos;,[0 0 0],&apos;AxesTickColor&apos;,[0.686274509803922 0.686274509803922 0.686274509803922],&apos;ColorOrder&apos;,[1 1 0.0666666666666667;0.0745098039215686 0.623529411764706 1;1 0.411764705882353 0.16078431372549;0.392156862745098 0.831372549019608 0.0745098039215686;0.717647058823529 0.274509803921569 1;0.0588235294117647 1 1;1 0.0745098039215686 0.650980392156863],&apos;Title&apos;,&apos;%&lt;SignalLabel&gt;&apos;,&apos;LinePropertiesCache&apos;,{{}},&apos;UserDefinedChannelNames&apos;,{{}},&apos;NumLines&apos;,0,&apos;LineNames&apos;,{{[]}},&apos;ShowContent&apos;,true,&apos;Placement&apos;,1)),extmgr.Configuration(&apos;Tools&apos;,&apos;Plot Navigation&apos;,true,&apos;OnceAtStop&apos;,false),extmgr.Configuration(&apos;Tools&apos;,&apos;Measurements&apos;,true,&apos;Version&apos;,&apos;2015b&apos;)),&apos;Version&apos;,&apos;2015b&apos;,&apos;Location&apos;,[209 466 752 921])</P>
          </Block>
          <Block BlockType="TransferFcn" Name="Elevation: Transfer Fcn" SID="180">
            <P Name="Position">[930, 512, 990, 548]</P>
            <P Name="ZOrder">15</P>
            <P Name="Numerator">[50 0]</P>
            <P Name="Denominator">[1 50]</P>
          </Block>
          <Block BlockType="Saturate" Name="Front motor: Saturation" SID="194">
            <P Name="Ports">[1, 1]</P>
            <P Name="Position">[245, 230, 275, 260]</P>
            <P Name="ZOrder">29</P>
            <P Name="InputPortMap">u0</P>
            <P Name="UpperLimit">5</P>
            <P Name="LowerLimit">-5</P>
          </Block>
          <Block BlockType="Reference" Name="HIL Read Encoder&#xA;Timebase" SID="169">
            <P Name="Ports">[0, 3]</P>
            <P Name="Position">[555, 109, 640, 171]</P>
            <P Name="ZOrder">7</P>
            <P Name="AttributesFormatString">(%&lt;object_name&gt;)</P>
            <P Name="LibraryVersion">1.1575</P>
            <P Name="UserDataPersistent">on</P>
            <P Name="UserData" Ref="bdmxdata:UserData_169"></P>
            <P Name="SourceBlock">quarc_library/Data Acquisition/Generic/Timebases/HIL Read Encoder
Timebase</P>
            <P Name="SourceType">HIL Read Encoder Timebase</P>
            <InstanceData>
              <P Name="object_name">HIL-1</P>
              <P Name="clock">0</P>
              <P Name="channels">[0:2]</P>
              <P Name="samples_in_buffer">max(ceil(1/qc_get_step_size), 1)</P>
              <P Name="active">on</P>
              <P Name="vector_output">off</P>
              <P Name="data_type_mode">Inherit via back propagation</P>
              <P Name="data_type">double</P>
            </InstanceData>
          </Block>
          <Block BlockType="Reference" Name="HIL Write Analog" SID="193">
            <P Name="Ports">[2]</P>
            <P Name="Position">[460, 299, 545, 361]</P>
            <P Name="ZOrder">28</P>
            <P Name="AttributesFormatString">(%&lt;object_name&gt;)</P>
            <P Name="LibraryVersion">1.1575</P>
            <P Name="UserDataPersistent">on</P>
            <P Name="UserData" Ref="bdmxdata:UserData_193"></P>
            <P Name="SourceBlock">quarc_library/Data Acquisition/Generic/Immediate I//O/HIL Write Analog</P>
            <P Name="SourceType">HIL Write Analog</P>
            <InstanceData>
              <P Name="object_name">HIL-1</P>
              <P Name="channels">[0:1]</P>
              <P Name="sample_time">-1</P>
              <P Name="active">off</P>
              <P Name="vector_input">off</P>
            </InstanceData>
          </Block>
          <Block BlockType="Gain" Name="Pitch: Count to rad" SID="176">
            <P Name="Position">[720, 264, 800, 316]</P>
            <P Name="ZOrder">11</P>
            <P Name="NamePlacement">alternate</P>
            <P Name="Gain">-2*pi /4096</P>
            <P Name="ParamDataTypeStr">Inherit: Inherit via internal rule</P>
            <P Name="OutDataTypeStr">Inherit: Inherit via internal rule</P>
            <P Name="SaturateOnIntegerOverflow">off</P>
          </Block>
          <Block BlockType="Scope" Name="Pitch: Scope [rad]" SID="183">
            <P Name="Ports">[1]</P>
            <P Name="Position">[1220, 314, 1250, 346]</P>
            <P Name="ZOrder">18</P>
            <P Name="ScopeSpecificationString">Simulink.scopes.TimeScopeBlockCfg(&apos;CurrentConfiguration&apos;, extmgr.ConfigurationSet(extmgr.Configuration(&apos;Core&apos;,&apos;General UI&apos;,true),extmgr.Configuration(&apos;Core&apos;,&apos;Source UI&apos;,true),extmgr.Configuration(&apos;Sources&apos;,&apos;WiredSimulink&apos;,true,&apos;DataLoggingVariableName&apos;,&apos;ScopeData10&apos;,&apos;DataLoggingSaveFormat&apos;,&apos;StructureWithTime&apos;,&apos;DataLoggingLimitDataPoints&apos;,true,&apos;DataLoggingDecimation&apos;,&apos;1&apos;,&apos;DataLoggingDecimateData&apos;,true),extmgr.Configuration(&apos;Visuals&apos;,&apos;Time Domain&apos;,true,&apos;SerializedDisplays&apos;,{struct(&apos;MinYLimReal&apos;,&apos;-0.3852&apos;,&apos;MaxYLimReal&apos;,&apos;0.33708&apos;,&apos;YLabelReal&apos;,&apos;&apos;,&apos;MinYLimMag&apos;,&apos;0.00000&apos;,&apos;MaxYLimMag&apos;,&apos;0.3852&apos;,&apos;LegendVisibility&apos;,&apos;off&apos;,&apos;XGrid&apos;,true,&apos;YGrid&apos;,true,&apos;PlotMagPhase&apos;,false,&apos;AxesColor&apos;,[0 0 0],&apos;AxesTickColor&apos;,[0.686274509803922 0.686274509803922 0.686274509803922],&apos;ColorOrder&apos;,[1 1 0.0666666666666667;0.0745098039215686 0.623529411764706 1;1 0.411764705882353 0.16078431372549;0.392156862745098 0.831372549019608 0.0745098039215686;0.717647058823529 0.274509803921569 1;0.0588235294117647 1 1;1 0.0745098039215686 0.650980392156863],&apos;Title&apos;,&apos;%&lt;SignalLabel&gt;&apos;,&apos;LinePropertiesCache&apos;,{{}},&apos;UserDefinedChannelNames&apos;,{{}},&apos;NumLines&apos;,1,&apos;LineNames&apos;,{{&apos;Pitch: Count to rad&apos;}},&apos;ShowContent&apos;,true,&apos;Placement&apos;,1)},&apos;DisplayPropertyDefaults&apos;,struct(&apos;MinYLimReal&apos;,&apos;-0.3852&apos;,&apos;MaxYLimReal&apos;,&apos;0.33708&apos;,&apos;YLabelReal&apos;,&apos;&apos;,&apos;MinYLimMag&apos;,&apos;0.00000&apos;,&apos;MaxYLimMag&apos;,&apos;0.3852&apos;,&apos;LegendVisibility&apos;,&apos;off&apos;,&apos;XGrid&apos;,true,&apos;YGrid&apos;,true,&apos;PlotMagPhase&apos;,false,&apos;AxesColor&apos;,[0 0 0],&apos;AxesTickColor&apos;,[0.686274509803922 0.686274509803922 0.686274509803922],&apos;ColorOrder&apos;,[1 1 0.0666666666666667;0.0745098039215686 0.623529411764706 1;1 0.411764705882353 0.16078431372549;0.392156862745098 0.831372549019608 0.0745098039215686;0.717647058823529 0.274509803921569 1;0.0588235294117647 1 1;1 0.0745098039215686 0.650980392156863],&apos;Title&apos;,&apos;%&lt;SignalLabel&gt;&apos;,&apos;LinePropertiesCache&apos;,{{}},&apos;UserDefinedChannelNames&apos;,{{}},&apos;NumLines&apos;,0,&apos;LineNames&apos;,{{[]}},&apos;ShowContent&apos;,true,&apos;Placement&apos;,1)),extmgr.Configuration(&apos;Tools&apos;,&apos;Plot Navigation&apos;,true,&apos;OnceAtStop&apos;,false),extmgr.Configuration(&apos;Tools&apos;,&apos;Measurements&apos;,true,&apos;Version&apos;,&apos;2015b&apos;)),&apos;Version&apos;,&apos;2015b&apos;,&apos;Location&apos;,[840 424 1472 809],&apos;VisibleAtModelOpen&apos;,&apos;on&apos;)</P>
          </Block>
          <Block BlockType="TransferFcn" Name="Pitch: Transfer Fcn" SID="179">
            <P Name="Position">[890, 352, 950, 388]</P>
            <P Name="ZOrder">14</P>
            <P Name="Numerator">[50 0]</P>
            <P Name="Denominator">[1 50]</P>
          </Block>
          <Block BlockType="Scope" Name="Ptich rate: Scope [rad/s]" SID="184">
            <P Name="Ports">[1]</P>
            <P Name="Position">[1220, 394, 1250, 426]</P>
            <P Name="ZOrder">19</P>
            <P Name="ScopeSpecificationString">C++SS(StrPVP(&apos;Location&apos;,&apos;[1236, 673, 1560, 912]&apos;),StrPVP(&apos;Open&apos;,&apos;off&apos;),MxPVP(&apos;AxesTitles&apos;,24,&apos;struct(&apos;&apos;axes1&apos;&apos;,&apos;&apos;%&lt;SignalLabel&gt;&apos;&apos;)&apos;),MxPVP(&apos;ScopeGraphics&apos;,28,&apos;struct(&apos;&apos;FigureColor&apos;&apos;,&apos;&apos;[0.5 0.5 0.5]&apos;&apos;,&apos;&apos;AxesColor&apos;&apos;,&apos;&apos;[0 0 0]&apos;&apos;,&apos;&apos;AxesTickColor&apos;&apos;,&apos;&apos;[1 1 1]&apos;&apos;,&apos;&apos;LineColors&apos;&apos;,&apos;&apos;[1 1 0;1 0 1;0 1 1;1 0 0;0 1 0;0 0 1]&apos;&apos;,&apos;&apos;LineStyles&apos;&apos;,&apos;&apos;-|-|-|-|-|-&apos;&apos;,&apos;&apos;LineWidths&apos;&apos;,&apos;&apos;[0.5 0.5 0.5 0.5 0.5 0.5]&apos;&apos;,&apos;&apos;MarkerStyles&apos;&apos;,&apos;&apos;none|none|none|none|none|none&apos;&apos;)&apos;),StrPVP(&apos;ShowLegends&apos;,&apos;off&apos;),StrPVP(&apos;YMin&apos;,&apos;-15&apos;),StrPVP(&apos;YMax&apos;,&apos;15&apos;),StrPVP(&apos;SaveName&apos;,&apos;ScopeData11&apos;),StrPVP(&apos;DataFormat&apos;,&apos;StructureWithTime&apos;),StrPVP(&apos;BlockParamSampleTime&apos;,&apos;0&apos;),StrPVP(&apos;ScrollMode&apos;,&apos;off&apos;),StrPVP(&apos;LimitDataPoints&apos;,&apos;on&apos;),StrPVP(&apos;Decimation&apos;,&apos;1&apos;),StrPVP(&apos;BlockParamSampleInput&apos;,&apos;off&apos;))</P>
          </Block>
          <Block BlockType="Sum" Name="Sum" SID="265">
            <P Name="Ports">[2, 1]</P>
            <P Name="Position">[970, 440, 990, 460]</P>
            <P Name="ZOrder">31</P>
            <P Name="ShowName">off</P>
            <P Name="IconShape">round</P>
            <P Name="Inputs">|+-</P>
            <P Name="InputSameDT">off</P>
            <P Name="OutDataTypeStr">Inherit: Inherit via internal rule</P>
            <P Name="SaturateOnIntegerOverflow">off</P>
          </Block>
          <Block BlockType="ToFile" Name="To File" SID="314">
            <P Name="Ports">[1]</P>
            <P Name="Position">[1375, 355, 1435, 385]</P>
            <P Name="ZOrder">35</P>
            <P Name="Filename">integralnof_pitch.mat</P>
          </Block>
          <Block BlockType="ToFile" Name="To File1" SID="315">
            <P Name="Ports">[1]</P>
            <P Name="Position">[1205, 645, 1265, 675]</P>
            <P Name="ZOrder">36</P>
            <P Name="Filename">integralnof_elev_rate.mat</P>
          </Block>
          <Block BlockType="Scope" Name="Travel rate: Scope [rad/s]" SID="182">
            <P Name="Ports">[1]</P>
            <P Name="Position">[1220, 234, 1250, 266]</P>
            <P Name="ZOrder">17</P>
            <P Name="ScopeSpecificationString">Simulink.scopes.TimeScopeBlockCfg(&apos;CurrentConfiguration&apos;, extmgr.ConfigurationSet(extmgr.Configuration(&apos;Core&apos;,&apos;General UI&apos;,true),extmgr.Configuration(&apos;Core&apos;,&apos;Source UI&apos;,true),extmgr.Configuration(&apos;Sources&apos;,&apos;WiredSimulink&apos;,true,&apos;DataLoggingVariableName&apos;,&apos;ScopeData9&apos;,&apos;DataLoggingSaveFormat&apos;,&apos;StructureWithTime&apos;,&apos;DataLoggingLimitDataPoints&apos;,true,&apos;DataLoggingDecimation&apos;,&apos;1&apos;,&apos;DataLoggingDecimateData&apos;,true),extmgr.Configuration(&apos;Visuals&apos;,&apos;Time Domain&apos;,true,&apos;SerializedDisplays&apos;,{struct(&apos;MinYLimReal&apos;,&apos;-15&apos;,&apos;MaxYLimReal&apos;,&apos;15&apos;,&apos;YLabelReal&apos;,&apos;&apos;,&apos;MinYLimMag&apos;,&apos;0&apos;,&apos;MaxYLimMag&apos;,&apos;10&apos;,&apos;LegendVisibility&apos;,&apos;off&apos;,&apos;XGrid&apos;,true,&apos;YGrid&apos;,true,&apos;PlotMagPhase&apos;,false,&apos;AxesColor&apos;,[0 0 0],&apos;AxesTickColor&apos;,[0.686274509803922 0.686274509803922 0.686274509803922],&apos;ColorOrder&apos;,[1 1 0.0666666666666667;0.0745098039215686 0.623529411764706 1;1 0.411764705882353 0.16078431372549;0.392156862745098 0.831372549019608 0.0745098039215686;0.717647058823529 0.274509803921569 1;0.0588235294117647 1 1;1 0.0745098039215686 0.650980392156863],&apos;Title&apos;,&apos;%&lt;SignalLabel&gt;&apos;,&apos;LinePropertiesCache&apos;,{{}},&apos;UserDefinedChannelNames&apos;,{{}},&apos;NumLines&apos;,1,&apos;LineNames&apos;,{{&apos;Travel: Transfer Fcn&apos;}},&apos;ShowContent&apos;,true,&apos;Placement&apos;,1)},&apos;DisplayPropertyDefaults&apos;,struct(&apos;MinYLimReal&apos;,&apos;-15&apos;,&apos;MaxYLimReal&apos;,&apos;15&apos;,&apos;YLabelReal&apos;,&apos;&apos;,&apos;MinYLimMag&apos;,&apos;0&apos;,&apos;MaxYLimMag&apos;,&apos;10&apos;,&apos;LegendVisibility&apos;,&apos;off&apos;,&apos;XGrid&apos;,true,&apos;YGrid&apos;,true,&apos;PlotMagPhase&apos;,false,&apos;AxesColor&apos;,[0 0 0],&apos;AxesTickColor&apos;,[0.686274509803922 0.686274509803922 0.686274509803922],&apos;ColorOrder&apos;,[1 1 0.0666666666666667;0.0745098039215686 0.623529411764706 1;1 0.411764705882353 0.16078431372549;0.392156862745098 0.831372549019608 0.0745098039215686;0.717647058823529 0.274509803921569 1;0.0588235294117647 1 1;1 0.0745098039215686 0.650980392156863],&apos;Title&apos;,&apos;%&lt;SignalLabel&gt;&apos;,&apos;LinePropertiesCache&apos;,{{}},&apos;UserDefinedChannelNames&apos;,{{}},&apos;NumLines&apos;,0,&apos;LineNames&apos;,{{[]}},&apos;ShowContent&apos;,true,&apos;Placement&apos;,1)),extmgr.Configuration(&apos;Tools&apos;,&apos;Plot Navigation&apos;,true,&apos;OnceAtStop&apos;,false),extmgr.Configuration(&apos;Tools&apos;,&apos;Measurements&apos;,true,&apos;Version&apos;,&apos;2015b&apos;)),&apos;Version&apos;,&apos;2015b&apos;,&apos;Location&apos;,[359 220 683 459])</P>
          </Block>
          <Block BlockType="Gain" Name="Travel: Count to rad" SID="175">
            <P Name="Position">[730, 99, 810, 141]</P>
            <P Name="ZOrder">10</P>
            <P Name="NamePlacement">alternate</P>
            <P Name="Gain">2*pi/8192</P>
            <P Name="ParamDataTypeStr">Inherit: Inherit via internal rule</P>
            <P Name="OutDataTypeStr">Inherit: Inherit via internal rule</P>
            <P Name="SaturateOnIntegerOverflow">off</P>
          </Block>
          <Block BlockType="Scope" Name="Travel: Scope [rad]" SID="181">
            <P Name="Ports">[1]</P>
            <P Name="Position">[1220, 144, 1250, 176]</P>
            <P Name="ZOrder">16</P>
            <P Name="ScopeSpecificationString">Simulink.scopes.TimeScopeBlockCfg(&apos;CurrentConfiguration&apos;, extmgr.ConfigurationSet(extmgr.Configuration(&apos;Core&apos;,&apos;General UI&apos;,true),extmgr.Configuration(&apos;Core&apos;,&apos;Source UI&apos;,true),extmgr.Configuration(&apos;Sources&apos;,&apos;WiredSimulink&apos;,true,&apos;DataLoggingVariableName&apos;,&apos;ScopeData8&apos;,&apos;DataLoggingSaveFormat&apos;,&apos;StructureWithTime&apos;,&apos;DataLoggingLimitDataPoints&apos;,true,&apos;DataLoggingDecimation&apos;,&apos;1&apos;,&apos;DataLoggingDecimateData&apos;,true),extmgr.Configuration(&apos;Visuals&apos;,&apos;Time Domain&apos;,true,&apos;SerializedDisplays&apos;,{struct(&apos;MinYLimReal&apos;,&apos;-15&apos;,&apos;MaxYLimReal&apos;,&apos;15&apos;,&apos;YLabelReal&apos;,&apos;&apos;,&apos;MinYLimMag&apos;,&apos;0&apos;,&apos;MaxYLimMag&apos;,&apos;10&apos;,&apos;LegendVisibility&apos;,&apos;off&apos;,&apos;XGrid&apos;,true,&apos;YGrid&apos;,true,&apos;PlotMagPhase&apos;,false,&apos;AxesColor&apos;,[0 0 0],&apos;AxesTickColor&apos;,[0.686274509803922 0.686274509803922 0.686274509803922],&apos;ColorOrder&apos;,[1 1 0.0666666666666667;0.0745098039215686 0.623529411764706 1;1 0.411764705882353 0.16078431372549;0.392156862745098 0.831372549019608 0.0745098039215686;0.717647058823529 0.274509803921569 1;0.0588235294117647 1 1;1 0.0745098039215686 0.650980392156863],&apos;Title&apos;,&apos;%&lt;SignalLabel&gt;&apos;,&apos;LinePropertiesCache&apos;,{{}},&apos;UserDefinedChannelNames&apos;,{{}},&apos;NumLines&apos;,1,&apos;LineNames&apos;,{{&apos;Travel: Count to rad&apos;}},&apos;ShowContent&apos;,true,&apos;Placement&apos;,1)},&apos;DisplayPropertyDefaults&apos;,struct(&apos;MinYLimReal&apos;,&apos;-15&apos;,&apos;MaxYLimReal&apos;,&apos;15&apos;,&apos;YLabelReal&apos;,&apos;&apos;,&apos;MinYLimMag&apos;,&apos;0&apos;,&apos;MaxYLimMag&apos;,&apos;10&apos;,&apos;LegendVisibility&apos;,&apos;off&apos;,&apos;XGrid&apos;,true,&apos;YGrid&apos;,true,&apos;PlotMagPhase&apos;,false,&apos;AxesColor&apos;,[0 0 0],&apos;AxesTickColor&apos;,[0.686274509803922 0.686274509803922 0.686274509803922],&apos;ColorOrder&apos;,[1 1 0.0666666666666667;0.0745098039215686 0.623529411764706 1;1 0.411764705882353 0.16078431372549;0.392156862745098 0.831372549019608 0.0745098039215686;0.717647058823529 0.274509803921569 1;0.0588235294117647 1 1;1 0.0745098039215686 0.650980392156863],&apos;Title&apos;,&apos;%&lt;SignalLabel&gt;&apos;,&apos;LinePropertiesCache&apos;,{{}},&apos;UserDefinedChannelNames&apos;,{{}},&apos;NumLines&apos;,0,&apos;LineNames&apos;,{{[]}},&apos;ShowContent&apos;,true,&apos;Placement&apos;,1)),extmgr.Configuration(&apos;Tools&apos;,&apos;Plot Navigation&apos;,true,&apos;OnceAtStop&apos;,false),extmgr.Configuration(&apos;Tools&apos;,&apos;Measurements&apos;,true,&apos;Version&apos;,&apos;2015b&apos;)),&apos;Version&apos;,&apos;2015b&apos;,&apos;Location&apos;,[1031 466 1355 705])</P>
          </Block>
          <Block BlockType="TransferFcn" Name="Travel: Transfer Fcn" SID="178">
            <P Name="Position">[890, 187, 950, 223]</P>
            <P Name="ZOrder">13</P>
            <P Name="Numerator">[50 0]</P>
            <P Name="Denominator">[1 50]</P>
          </Block>
          <Block BlockType="Outport" Name="Travel [rad]" SID="162">
            <P Name="Position">[1105, 113, 1135, 127]</P>
            <P Name="ZOrder">-2</P>
            <P Name="IconDisplay">Port number</P>
          </Block>
          <Block BlockType="Outport" Name="Travel rate [rad/s]" SID="164">
            <P Name="Position">[1105, 198, 1135, 212]</P>
            <P Name="ZOrder">2</P>
            <P Name="Port">2</P>
            <P Name="IconDisplay">Port number</P>
          </Block>
          <Block BlockType="Outport" Name="Pitch [rad]" SID="165">
            <P Name="Position">[1105, 283, 1135, 297]</P>
            <P Name="ZOrder">3</P>
            <P Name="Port">3</P>
            <P Name="IconDisplay">Port number</P>
          </Block>
          <Block BlockType="Outport" Name="Pitch rate [rad/s]" SID="166">
            <P Name="Position">[1105, 363, 1135, 377]</P>
            <P Name="ZOrder">4</P>
            <P Name="Port">4</P>
            <P Name="IconDisplay">Port number</P>
          </Block>
          <Block BlockType="Outport" Name="Elevation [rad]" SID="167">
            <P Name="Position">[1165, 443, 1195, 457]</P>
            <P Name="ZOrder">5</P>
            <P Name="Port">5</P>
            <P Name="IconDisplay">Port number</P>
          </Block>
          <Block BlockType="Outport" Name="Elevation rate [rad/s]" SID="168">
            <P Name="Position">[1105, 523, 1135, 537]</P>
            <P Name="ZOrder">6</P>
            <P Name="Port">6</P>
            <P Name="IconDisplay">Port number</P>
          </Block>
          <Line>
            <P Name="ZOrder">2</P>
            <P Name="Src">169#out:1</P>
            <P Name="Dst">175#in:1</P>
          </Line>
          <Line>
            <P Name="ZOrder">3</P>
            <P Name="Src">169#out:2</P>
            <P Name="Points">[35, 0; 0, 150]</P>
            <P Name="Dst">176#in:1</P>
          </Line>
          <Line>
            <P Name="ZOrder">4</P>
            <P Name="Src">169#out:3</P>
            <P Name="Points">[15, 0; 0, 290]</P>
            <P Name="Dst">177#in:1</P>
          </Line>
          <Line>
            <P Name="ZOrder">5</P>
            <P Name="Src">175#out:1</P>
            <P Name="Points">[30, 0]</P>
            <Branch>
              <P Name="ZOrder">63</P>
              <P Name="Points">[225, 0]</P>
              <Branch>
                <P Name="ZOrder">42</P>
                <P Name="Points">[0, 40]</P>
                <P Name="Dst">181#in:1</P>
              </Branch>
              <Branch>
                <P Name="ZOrder">41</P>
                <P Name="Dst">162#in:1</P>
              </Branch>
            </Branch>
            <Branch>
              <P Name="ZOrder">7</P>
              <P Name="Points">[0, 85]</P>
              <P Name="Dst">178#in:1</P>
            </Branch>
          </Line>
          <Line>
            <P Name="ZOrder">64</P>
            <P Name="Src">178#out:1</P>
            <P Name="Points">[115, 0]</P>
            <Branch>
              <P Name="ZOrder">44</P>
              <P Name="Points">[0, 45]</P>
              <P Name="Dst">182#in:1</P>
            </Branch>
            <Branch>
              <P Name="ZOrder">43</P>
              <P Name="Dst">164#in:1</P>
            </Branch>
          </Line>
          <Line>
            <P Name="ZOrder">9</P>
            <P Name="Src">176#out:1</P>
            <P Name="Points">[38, 0]</P>
            <Branch>
              <P Name="ZOrder">70</P>
              <P Name="Points">[0, 80]</P>
              <P Name="Dst">179#in:1</P>
            </Branch>
            <Branch>
              <P Name="ZOrder">69</P>
              <P Name="Points">[226, 0]</P>
              <Branch>
                <P Name="ZOrder">46</P>
                <P Name="Points">[0, 40]</P>
                <P Name="Dst">183#in:1</P>
              </Branch>
              <Branch>
                <P Name="ZOrder">45</P>
                <P Name="Dst">165#in:1</P>
              </Branch>
            </Branch>
          </Line>
          <Line>
            <P Name="ZOrder">66</P>
            <P Name="Src">179#out:1</P>
            <P Name="Points">[110, 0]</P>
            <Branch>
              <P Name="ZOrder">48</P>
              <P Name="Points">[0, 40]</P>
              <P Name="Dst">184#in:1</P>
            </Branch>
            <Branch>
              <P Name="ZOrder">47</P>
              <P Name="Dst">166#in:1</P>
            </Branch>
          </Line>
          <Line>
            <P Name="ZOrder">13</P>
            <P Name="Src">177#out:1</P>
            <P Name="Points">[98, 0]</P>
            <Branch>
              <P Name="ZOrder">96</P>
              <P Name="Dst">265#in:1</P>
            </Branch>
            <Branch>
              <P Name="ZOrder">95</P>
              <P Name="Points">[0, 31; -36, 0; 0, 49]</P>
              <P Name="Dst">180#in:1</P>
            </Branch>
          </Line>
          <Line>
            <P Name="ZOrder">68</P>
            <P Name="Src">180#out:1</P>
            <P Name="Points">[76, 0]</P>
            <Branch>
              <P Name="ZOrder">52</P>
              <P Name="Points">[0, 45]</P>
              <P Name="Dst">186#in:1</P>
            </Branch>
            <Branch>
              <P Name="ZOrder">51</P>
              <P Name="Dst">168#in:1</P>
            </Branch>
          </Line>
          <Line>
            <P Name="ZOrder">54</P>
            <P Name="Src">161#out:1</P>
            <P Name="Dst">194#in:1</P>
          </Line>
          <Line>
            <P Name="ZOrder">55</P>
            <P Name="Src">163#out:1</P>
            <P Name="Dst">195#in:1</P>
          </Line>
          <Line>
            <P Name="ZOrder">56</P>
            <P Name="Src">194#out:1</P>
            <P Name="Points">[89, 0; 0, 70]</P>
            <P Name="Dst">193#in:1</P>
          </Line>
          <Line>
            <P Name="ZOrder">57</P>
            <P Name="Src">195#out:1</P>
            <P Name="Dst">193#in:2</P>
          </Line>
          <Line>
            <P Name="ZOrder">90</P>
            <P Name="Src">266#out:1</P>
            <P Name="Points">[9, 0; 0, -25]</P>
            <P Name="Dst">265#in:2</P>
          </Line>
          <Line>
            <P Name="ZOrder">98</P>
            <P Name="Src">265#out:1</P>
            <P Name="Points">[114, 0]</P>
            <Branch>
              <P Name="ZOrder">101</P>
              <P Name="Points">[0, 40]</P>
              <P Name="Dst">185#in:1</P>
            </Branch>
            <Branch>
              <P Name="ZOrder">100</P>
              <P Name="Dst">167#in:1</P>
            </Branch>
          </Line>
          <Annotation SID="174">
            <P Name="Name">Encoder # 0 - measure Travel angle
Encoder # 1 - measure Pitch angle
Encoder # 2 - measure Elavation angle</P>
            <P Name="Position">[485, 57, 703, 104]</P>
            <P Name="InternalMargins">[0, 0, 0, 0]</P>
            <P Name="FixedHeight">off</P>
            <P Name="FixedWidth">off</P>
            <P Name="HorizontalAlignment">left</P>
            <P Name="ZOrder">-2</P>
            <P Name="FontName">Arial</P>
            <P Name="FontSize">12</P>
            <P Name="FontWeight">bold</P>
          </Annotation>
        </System>
      </Block>
      <Block BlockType="SubSystem" Name="Joystick" SID="208">
        <P Name="Ports">[0, 2]</P>
        <P Name="Position">[-115, 101, -65, 194]</P>
        <P Name="ZOrder">26</P>
        <P Name="BackgroundColor">gray</P>
        <P Name="RequestExecContextInheritance">off</P>
        <P Name="Variant">off</P>
        <System>
          <P Name="Location">[-8, 0, 1928, 1176]</P>
          <P Name="Open">off</P>
          <P Name="PaperType">A4</P>
          <P Name="PaperUnits">centimeters</P>
          <P Name="TiledPaperMargins">[1.270000, 1.270000, 1.270000, 1.270000]</P>
          <P Name="ZoomFactor">100</P>
          <Block BlockType="DeadZone" Name="Dead Zone: x" SID="206">
            <P Name="Position">[510, 290, 540, 320]</P>
            <P Name="ZOrder">39</P>
            <P Name="LowerValue">-0.1</P>
            <P Name="UpperValue">0.1</P>
          </Block>
          <Block BlockType="DeadZone" Name="Dead Zone: y" SID="207">
            <P Name="Position">[510, 445, 540, 475]</P>
            <P Name="ZOrder">40</P>
            <P Name="LowerValue">-0.1</P>
            <P Name="UpperValue">0.1</P>
          </Block>
          <Block BlockType="Gain" Name="Gain: x" SID="212">
            <P Name="Position">[575, 292, 620, 318]</P>
            <P Name="ZOrder">41</P>
            <P Name="Gain">10/9</P>
            <P Name="ParamDataTypeStr">Inherit: Inherit via internal rule</P>
            <P Name="OutDataTypeStr">Inherit: Inherit via internal rule</P>
            <P Name="SaturateOnIntegerOverflow">off</P>
          </Block>
          <Block BlockType="Gain" Name="Gain: y" SID="213">
            <P Name="Position">[575, 445, 620, 475]</P>
            <P Name="ZOrder">42</P>
            <P Name="Gain">10/9</P>
            <P Name="ParamDataTypeStr">Inherit: Inherit via internal rule</P>
            <P Name="OutDataTypeStr">Inherit: Inherit via internal rule</P>
            <P Name="SaturateOnIntegerOverflow">off</P>
          </Block>
          <Block BlockType="Reference" Name="Game Controller" SID="145">
            <P Name="Ports">[0, 10]</P>
            <P Name="Position">[125, 330, 270, 460]</P>
            <P Name="ZOrder">34</P>
            <P Name="LibraryVersion">1.1575</P>
            <P Name="SourceBlock">quarc_library/Devices/Peripherals/Target/Game Controller</P>
            <P Name="SourceType">Game Controller</P>
            <InstanceData>
              <P Name="controller">1</P>
              <P Name="buffer_size">12</P>
              <P Name="deadzone">[]</P>
              <P Name="saturation">[]</P>
              <P Name="sample_time">max(qc_get_step_size, 0.01)</P>
              <P Name="auto_center">off</P>
              <P Name="enabled">on</P>
            </InstanceData>
          </Block>
          <Block BlockType="Gain" Name="Joystick_gain_x" SID="244">
            <P Name="Position">[660, 290, 690, 320]</P>
            <P Name="ZOrder">43</P>
            <P Name="Gain">Joystick_gain_x</P>
            <P Name="ParamDataTypeStr">Inherit: Inherit via internal rule</P>
            <P Name="OutDataTypeStr">Inherit: Inherit via internal rule</P>
            <P Name="SaturateOnIntegerOverflow">off</P>
          </Block>
          <Block BlockType="Gain" Name="Joystick_gain_y" SID="254">
            <P Name="Position">[660, 445, 690, 475]</P>
            <P Name="ZOrder">45</P>
            <P Name="Gain">Joystick_gain_y</P>
            <P Name="ParamDataTypeStr">Inherit: Inherit via internal rule</P>
            <P Name="OutDataTypeStr">Inherit: Inherit via internal rule</P>
            <P Name="SaturateOnIntegerOverflow">off</P>
          </Block>
          <Block BlockType="RateTransition" Name="Rate Transition: x" SID="146">
            <P Name="Position">[420, 284, 460, 326]</P>
            <P Name="ZOrder">33</P>
          </Block>
          <Block BlockType="RateTransition" Name="Rate Transition: y" SID="147">
            <P Name="Position">[420, 439, 460, 481]</P>
            <P Name="ZOrder">32</P>
          </Block>
          <Block BlockType="Terminator" Name="Terminator" SID="150">
            <P Name="Position">[285, 395, 295, 405]</P>
            <P Name="ZOrder">35</P>
            <P Name="ShowName">off</P>
          </Block>
          <Block BlockType="Terminator" Name="Terminator1" SID="205">
            <P Name="Position">[285, 365, 295, 375]</P>
            <P Name="ZOrder">38</P>
            <P Name="ShowName">off</P>
          </Block>
          <Block BlockType="Terminator" Name="Terminator_1" SID="151">
            <P Name="Position">[285, 345, 295, 355]</P>
            <P Name="ZOrder">31</P>
            <P Name="ShowName">off</P>
          </Block>
          <Block BlockType="Terminator" Name="Terminator_2" SID="152">
            <P Name="Position">[285, 355, 295, 365]</P>
            <P Name="ZOrder">30</P>
            <P Name="ShowName">off</P>
          </Block>
          <Block BlockType="Terminator" Name="Terminator_4" SID="153">
            <P Name="Position">[285, 405, 295, 415]</P>
            <P Name="ZOrder">29</P>
            <P Name="ShowName">off</P>
          </Block>
          <Block BlockType="Terminator" Name="Terminator_5" SID="154">
            <P Name="Position">[285, 415, 295, 425]</P>
            <P Name="ZOrder">28</P>
            <P Name="ShowName">off</P>
          </Block>
          <Block BlockType="Terminator" Name="Terminator_6" SID="155">
            <P Name="Position">[285, 425, 295, 435]</P>
            <P Name="ZOrder">27</P>
            <P Name="ShowName">off</P>
          </Block>
          <Block BlockType="Terminator" Name="Terminator_7" SID="156">
            <P Name="Position">[285, 435, 295, 445]</P>
            <P Name="ZOrder">26</P>
            <P Name="ShowName">off</P>
          </Block>
          <Block BlockType="Scope" Name="X: Scope" SID="159">
            <P Name="Ports">[1]</P>
            <P Name="Position">[770, 359, 800, 391]</P>
            <P Name="ZOrder">37</P>
            <P Name="ScopeSpecificationString">C++SS(StrPVP(&apos;Location&apos;,&apos;[894, 60, 1218, 301]&apos;),StrPVP(&apos;Open&apos;,&apos;off&apos;),StrPVP(&apos;ZoomMode&apos;,&apos;yonly&apos;),MxPVP(&apos;AxesTitles&apos;,24,&apos;struct(&apos;&apos;axes1&apos;&apos;,&apos;&apos;%&lt;SignalLabel&gt;&apos;&apos;)&apos;),MxPVP(&apos;ScopeGraphics&apos;,28,&apos;struct(&apos;&apos;FigureColor&apos;&apos;,&apos;&apos;[0.5 0.5 0.5]&apos;&apos;,&apos;&apos;AxesColor&apos;&apos;,&apos;&apos;[0 0 0]&apos;&apos;,&apos;&apos;AxesTickColor&apos;&apos;,&apos;&apos;[1 1 1]&apos;&apos;,&apos;&apos;LineColors&apos;&apos;,&apos;&apos;[1 1 0;1 0 1;0 1 1;1 0 0;0 1 0;0 0 1]&apos;&apos;,&apos;&apos;LineStyles&apos;&apos;,&apos;&apos;-|-|-|-|-|-&apos;&apos;,&apos;&apos;LineWidths&apos;&apos;,&apos;&apos;[0.5 0.5 0.5 0.5 0.5 0.5]&apos;&apos;,&apos;&apos;MarkerStyles&apos;&apos;,&apos;&apos;none|none|none|none|none|none&apos;&apos;)&apos;),StrPVP(&apos;ShowLegends&apos;,&apos;off&apos;),StrPVP(&apos;YMin&apos;,&apos;-1&apos;),StrPVP(&apos;YMax&apos;,&apos;1&apos;),StrPVP(&apos;SaveName&apos;,&apos;ScopeData7&apos;),StrPVP(&apos;DataFormat&apos;,&apos;StructureWithTime&apos;),StrPVP(&apos;BlockParamSampleTime&apos;,&apos;0&apos;),StrPVP(&apos;ScrollMode&apos;,&apos;off&apos;),StrPVP(&apos;LimitDataPoints&apos;,&apos;on&apos;),StrPVP(&apos;Decimation&apos;,&apos;1&apos;),StrPVP(&apos;BlockParamSampleInput&apos;,&apos;off&apos;))</P>
          </Block>
          <Block BlockType="Scope" Name="Y: Scope" SID="157">
            <P Name="Ports">[1]</P>
            <P Name="Position">[775, 504, 805, 536]</P>
            <P Name="ZOrder">36</P>
            <P Name="ScopeSpecificationString">C++SS(StrPVP(&apos;Location&apos;,&apos;[894, 368, 1218, 604]&apos;),StrPVP(&apos;Open&apos;,&apos;off&apos;),MxPVP(&apos;AxesTitles&apos;,24,&apos;struct(&apos;&apos;axes1&apos;&apos;,&apos;&apos;%&lt;SignalLabel&gt;&apos;&apos;)&apos;),MxPVP(&apos;ScopeGraphics&apos;,28,&apos;struct(&apos;&apos;FigureColor&apos;&apos;,&apos;&apos;[0.5 0.5 0.5]&apos;&apos;,&apos;&apos;AxesColor&apos;&apos;,&apos;&apos;[0 0 0]&apos;&apos;,&apos;&apos;AxesTickColor&apos;&apos;,&apos;&apos;[1 1 1]&apos;&apos;,&apos;&apos;LineColors&apos;&apos;,&apos;&apos;[1 1 0;1 0 1;0 1 1;1 0 0;0 1 0;0 0 1]&apos;&apos;,&apos;&apos;LineStyles&apos;&apos;,&apos;&apos;-|-|-|-|-|-&apos;&apos;,&apos;&apos;LineWidths&apos;&apos;,&apos;&apos;[0.5 0.5 0.5 0.5 0.5 0.5]&apos;&apos;,&apos;&apos;MarkerStyles&apos;&apos;,&apos;&apos;none|none|none|none|none|none&apos;&apos;)&apos;),StrPVP(&apos;ShowLegends&apos;,&apos;off&apos;),StrPVP(&apos;YMin&apos;,&apos;-10&apos;),StrPVP(&apos;YMax&apos;,&apos;10&apos;),StrPVP(&apos;SaveName&apos;,&apos;ScopeData5&apos;),StrPVP(&apos;DataFormat&apos;,&apos;StructureWithTime&apos;),StrPVP(&apos;BlockParamSampleTime&apos;,&apos;0&apos;),StrPVP(&apos;ScrollMode&apos;,&apos;off&apos;),StrPVP(&apos;LimitDataPoints&apos;,&apos;on&apos;),StrPVP(&apos;Decimation&apos;,&apos;1&apos;),StrPVP(&apos;BlockParamSampleInput&apos;,&apos;off&apos;))</P>
          </Block>
          <Block BlockType="Outport" Name="X" SID="210">
            <P Name="Position">[770, 298, 800, 312]</P>
            <P Name="ZOrder">-2</P>
            <P Name="IconDisplay">Port number</P>
          </Block>
          <Block BlockType="Outport" Name="Y" SID="211">
            <P Name="Position">[775, 453, 805, 467]</P>
            <P Name="ZOrder">1</P>
            <P Name="Port">2</P>
            <P Name="IconDisplay">Port number</P>
          </Block>
          <Line>
            <P Name="ZOrder">2</P>
            <P Name="Src">147#out:1</P>
            <P Name="Dst">207#in:1</P>
          </Line>
          <Line>
            <P Name="ZOrder">3</P>
            <P Name="Src">146#out:1</P>
            <P Name="Dst">206#in:1</P>
          </Line>
          <Line>
            <P Name="ZOrder">4</P>
            <P Name="Src">145#out:5</P>
            <P Name="Points">[83, 0; 0, 70]</P>
            <P Name="Dst">147#in:1</P>
          </Line>
          <Line>
            <P Name="ZOrder">5</P>
            <P Name="Src">145#out:4</P>
            <P Name="Points">[84, 0; 0, -75]</P>
            <P Name="Dst">146#in:1</P>
          </Line>
          <Line>
            <P Name="ZOrder">6</P>
            <P Name="Src">145#out:1</P>
            <P Name="Dst">151#in:1</P>
          </Line>
          <Line>
            <P Name="ZOrder">7</P>
            <P Name="Src">145#out:2</P>
            <P Name="Dst">152#in:1</P>
          </Line>
          <Line>
            <P Name="ZOrder">8</P>
            <P Name="Src">145#out:7</P>
            <P Name="Dst">153#in:1</P>
          </Line>
          <Line>
            <P Name="ZOrder">9</P>
            <P Name="Src">145#out:8</P>
            <P Name="Dst">154#in:1</P>
          </Line>
          <Line>
            <P Name="ZOrder">10</P>
            <P Name="Src">145#out:9</P>
            <P Name="Dst">155#in:1</P>
          </Line>
          <Line>
            <P Name="ZOrder">11</P>
            <P Name="Src">145#out:10</P>
            <P Name="Dst">156#in:1</P>
          </Line>
          <Line>
            <P Name="ZOrder">12</P>
            <P Name="Src">145#out:3</P>
            <P Name="Dst">205#in:1</P>
          </Line>
          <Line>
            <P Name="ZOrder">13</P>
            <P Name="Src">145#out:6</P>
            <P Name="Dst">150#in:1</P>
          </Line>
          <Line>
            <P Name="ZOrder">16</P>
            <P Name="Src">206#out:1</P>
            <P Name="Dst">212#in:1</P>
          </Line>
          <Line>
            <P Name="ZOrder">20</P>
            <P Name="Src">207#out:1</P>
            <P Name="Dst">213#in:1</P>
          </Line>
          <Line>
            <P Name="ZOrder">23</P>
            <P Name="Src">212#out:1</P>
            <P Name="Dst">244#in:1</P>
          </Line>
          <Line>
            <P Name="ZOrder">24</P>
            <P Name="Src">213#out:1</P>
            <P Name="Dst">254#in:1</P>
          </Line>
          <Line>
            <P Name="ZOrder">25</P>
            <P Name="Src">244#out:1</P>
            <P Name="Points">[35, 0]</P>
            <Branch>
              <P Name="ZOrder">19</P>
              <P Name="Dst">210#in:1</P>
            </Branch>
            <Branch>
              <P Name="ZOrder">18</P>
              <P Name="Points">[0, 70]</P>
              <P Name="Dst">159#in:1</P>
            </Branch>
          </Line>
          <Line>
            <P Name="ZOrder">26</P>
            <P Name="Src">254#out:1</P>
            <P Name="Points">[37, 0]</P>
            <Branch>
              <P Name="ZOrder">22</P>
              <P Name="Points">[0, 60]</P>
              <P Name="Dst">157#in:1</P>
            </Branch>
            <Branch>
              <P Name="ZOrder">21</P>
              <P Name="Dst">211#in:1</P>
            </Branch>
          </Line>
        </System>
      </Block>
      <Block BlockType="Mux" Name="Mux" SID="262">
        <P Name="Ports">[6, 1]</P>
        <P Name="Position">[960, 243, 965, 417]</P>
        <P Name="ZOrder">34</P>
        <P Name="ShowName">off</P>
        <P Name="Inputs">6</P>
        <P Name="DisplayOption">bar</P>
      </Block>
      <Block BlockType="Mux" Name="Mux1" SID="295">
        <P Name="Ports">[5, 1]</P>
        <P Name="Position">[155, 303, 160, 397]</P>
        <P Name="ZOrder">50</P>
        <P Name="ShowName">off</P>
        <P Name="Inputs">5</P>
        <P Name="DisplayOption">bar</P>
      </Block>
      <Block BlockType="Mux" Name="Mux2" SID="299">
        <P Name="Ports">[2, 1]</P>
        <P Name="Position">[90, 100, 95, 195]</P>
        <P Name="ZOrder">54</P>
        <P Name="ShowName">off</P>
        <P Name="Inputs">2</P>
        <P Name="DisplayOption">bar</P>
      </Block>
      <Block BlockType="SubSystem" Name="Subsystem" SID="320">
        <P Name="Ports">[4, 2]</P>
        <P Name="Position">[20, 209, 95, 291]</P>
        <P Name="ZOrder">-34</P>
        <P Name="RequestExecContextInheritance">off</P>
        <P Name="Variant">off</P>
        <System>
          <P Name="Location">[-8, 0, 1928, 1176]</P>
          <P Name="Open">off</P>
          <P Name="PaperType">A4</P>
          <P Name="PaperUnits">centimeters</P>
          <P Name="TiledPaperMargins">[1.270000, 1.270000, 1.270000, 1.270000]</P>
          <P Name="ZoomFactor">150</P>
          <Block BlockType="Inport" Name="p_c" SID="321">
            <P Name="Position">[60, 225, 90, 240]</P>
            <P Name="ZOrder">71</P>
            <P Name="BlockRotation">270</P>
            <P Name="NamePlacement">alternate</P>
            <P Name="IconDisplay">Port number</P>
          </Block>
          <Block BlockType="Inport" Name="e&apos;_c" SID="322">
            <P Name="Position">[65, 450, 95, 465]</P>
            <P Name="ZOrder">72</P>
            <P Name="BlockRotation">270</P>
            <P Name="NamePlacement">alternate</P>
            <P Name="Port">2</P>
            <P Name="IconDisplay">Port number</P>
          </Block>
          <Block BlockType="Inport" Name="p" SID="323">
            <P Name="Position">[25, 150, 40, 180]</P>
            <P Name="ZOrder">73</P>
            <P Name="Port">3</P>
            <P Name="IconDisplay">Port number</P>
          </Block>
          <Block BlockType="Inport" Name="e&apos;" SID="324">
            <P Name="Position">[25, 370, 40, 400]</P>
            <P Name="ZOrder">74</P>
            <P Name="NamePlacement">alternate</P>
            <P Name="Port">4</P>
            <P Name="IconDisplay">Port number</P>
          </Block>
          <Block BlockType="Integrator" Name="Integrator" SID="317">
            <P Name="Ports">[1, 1]</P>
            <P Name="Position">[115, 370, 145, 400]</P>
            <P Name="ZOrder">68</P>
          </Block>
          <Block BlockType="Integrator" Name="Integrator1" SID="319">
            <P Name="Ports">[1, 1]</P>
            <P Name="Position">[115, 150, 145, 180]</P>
            <P Name="ZOrder">70</P>
          </Block>
          <Block BlockType="Sum" Name="Sum2" SID="316">
            <P Name="Ports">[2, 1]</P>
            <P Name="Position">[70, 375, 90, 395]</P>
            <P Name="ZOrder">67</P>
            <P Name="ShowName">off</P>
            <P Name="IconShape">round</P>
            <P Name="Inputs">|+-</P>
            <P Name="InputSameDT">off</P>
            <P Name="OutDataTypeStr">Inherit: Inherit via internal rule</P>
            <P Name="SaturateOnIntegerOverflow">off</P>
          </Block>
          <Block BlockType="Sum" Name="Sum3" SID="318">
            <P Name="Ports">[2, 1]</P>
            <P Name="Position">[65, 155, 85, 175]</P>
            <P Name="ZOrder">69</P>
            <P Name="ShowName">off</P>
            <P Name="IconShape">round</P>
            <P Name="Inputs">|+-</P>
            <P Name="InputSameDT">off</P>
            <P Name="OutDataTypeStr">Inherit: Inherit via internal rule</P>
            <P Name="SaturateOnIntegerOverflow">off</P>
          </Block>
          <Block BlockType="Outport" Name="zeta" SID="325">
            <P Name="Position">[230, 158, 260, 172]</P>
            <P Name="ZOrder">75</P>
            <P Name="IconDisplay">Port number</P>
          </Block>
          <Block BlockType="Outport" Name="gamma" SID="326">
            <P Name="Position">[230, 378, 260, 392]</P>
            <P Name="ZOrder">76</P>
            <P Name="Port">2</P>
            <P Name="IconDisplay">Port number</P>
          </Block>
          <Line>
            <P Name="ZOrder">242</P>
            <P Name="Src">319#out:1</P>
            <P Name="Dst">325#in:1</P>
          </Line>
          <Line>
            <P Name="ZOrder">241</P>
            <P Name="Src">324#out:1</P>
            <P Name="Dst">316#in:1</P>
          </Line>
          <Line>
            <P Name="ZOrder">238</P>
            <P Name="Src">321#out:1</P>
            <P Name="Dst">318#in:2</P>
          </Line>
          <Line>
            <P Name="ZOrder">239</P>
            <P Name="Src">322#out:1</P>
            <P Name="Dst">316#in:2</P>
          </Line>
          <Line>
            <P Name="ZOrder">240</P>
            <P Name="Src">323#out:1</P>
            <P Name="Dst">318#in:1</P>
          </Line>
          <Line>
            <P Name="ZOrder">236</P>
            <P Name="Src">318#out:1</P>
            <P Name="Dst">319#in:1</P>
          </Line>
          <Line>
            <P Name="ZOrder">243</P>
            <P Name="Src">317#out:1</P>
            <P Name="Dst">326#in:1</P>
          </Line>
          <Line>
            <P Name="ZOrder">234</P>
            <P Name="Src">316#out:1</P>
            <P Name="Dst">317#in:1</P>
          </Line>
        </System>
      </Block>
      <Block BlockType="Sum" Name="Sum" SID="269">
        <P Name="Ports">[2, 1]</P>
        <P Name="Position">[500, 365, 520, 385]</P>
        <P Name="ZOrder">38</P>
        <P Name="ShowName">off</P>
        <P Name="IconShape">round</P>
        <P Name="Inputs">|++</P>
        <P Name="InputSameDT">off</P>
        <P Name="OutDataTypeStr">Inherit: Inherit via internal rule</P>
        <P Name="SaturateOnIntegerOverflow">off</P>
      </Block>
      <Block BlockType="Sum" Name="Sum1" SID="301">
        <P Name="Ports">[2, 1]</P>
        <P Name="Position">[275, 270, 295, 290]</P>
        <P Name="ZOrder">56</P>
        <P Name="ShowName">off</P>
        <P Name="IconShape">round</P>
        <P Name="Inputs">|+-</P>
        <P Name="InputSameDT">off</P>
        <P Name="OutDataTypeStr">Inherit: Inherit via internal rule</P>
        <P Name="SaturateOnIntegerOverflow">off</P>
      </Block>
      <Block BlockType="Constant" Name="V_s,0" SID="270">
        <P Name="Position">[495, 410, 525, 440]</P>
        <P Name="ZOrder">39</P>
        <P Name="BlockRotation">270</P>
        <P Name="Value">8</P>
      </Block>
      <Line>
        <P Name="ZOrder">119</P>
        <P Name="Src">196#out:2</P>
        <P Name="Dst">160#in:2</P>
      </Line>
      <Line>
        <P Name="ZOrder">120</P>
        <P Name="Src">196#out:1</P>
        <P Name="Dst">160#in:1</P>
      </Line>
      <Line>
        <P Name="ZOrder">130</P>
        <P Name="Src">160#out:1</P>
        <P Name="Dst">262#in:1</P>
      </Line>
      <Line>
        <P Name="ZOrder">131</P>
        <P Name="Src">160#out:2</P>
        <P Name="Dst">262#in:2</P>
      </Line>
      <Line>
        <P Name="ZOrder">132</P>
        <P Name="Src">160#out:3</P>
        <P Name="Dst">262#in:3</P>
      </Line>
      <Line>
        <P Name="ZOrder">133</P>
        <P Name="Src">160#out:4</P>
        <P Name="Dst">262#in:4</P>
      </Line>
      <Line>
        <P Name="ZOrder">134</P>
        <P Name="Src">160#out:5</P>
        <P Name="Dst">262#in:5</P>
      </Line>
      <Line>
        <P Name="ZOrder">135</P>
        <P Name="Src">160#out:6</P>
        <P Name="Dst">262#in:6</P>
      </Line>
      <Line>
        <P Name="ZOrder">140</P>
        <P Name="Src">208#out:1</P>
        <P Name="Dst">263#in:1</P>
      </Line>
      <Line>
        <P Name="ZOrder">145</P>
        <P Name="Src">270#out:1</P>
        <P Name="Dst">269#in:2</P>
      </Line>
      <Line>
        <P Name="ZOrder">161</P>
        <P Name="Src">262#out:1</P>
        <P Name="Points">[16, 0; 0, 202; -1173, 0; 0, -152]</P>
        <P Name="Dst">276#in:1</P>
      </Line>
      <Line>
        <P Name="ZOrder">171</P>
        <P Name="Src">269#out:1</P>
        <P Name="Dst">196#in:2</P>
      </Line>
      <Line>
        <P Name="ZOrder">178</P>
        <P Name="Src">276#out:3</P>
        <P Name="Points">[35, 0]</P>
        <Branch>
          <P Name="ZOrder">240</P>
          <P Name="Points">[0, -110]</P>
          <P Name="Dst">320#in:3</P>
        </Branch>
        <Branch>
          <P Name="ZOrder">221</P>
          <P Name="Points">[58, 0; 0, -60]</P>
          <P Name="Dst">295#in:1</P>
        </Branch>
      </Line>
      <Line>
        <P Name="ZOrder">179</P>
        <P Name="Src">276#out:4</P>
        <P Name="Points">[108, 0; 0, -60]</P>
        <P Name="Dst">295#in:2</P>
      </Line>
      <Line>
        <P Name="ZOrder">180</P>
        <P Name="Src">276#out:6</P>
        <P Name="Points">[19, 0]</P>
        <Branch>
          <P Name="ZOrder">245</P>
          <P Name="Points">[107, 0; 0, -80]</P>
          <P Name="Dst">295#in:3</P>
        </Branch>
        <Branch>
          <P Name="ZOrder">241</P>
          <P Name="Points">[0, -150]</P>
          <P Name="Dst">320#in:4</P>
        </Branch>
      </Line>
      <Line>
        <P Name="ZOrder">184</P>
        <P Name="Src">263#out:1</P>
        <P Name="Points">[6, 0]</P>
        <Branch>
          <P Name="ZOrder">248</P>
          <P Name="Dst">299#in:1</P>
        </Branch>
        <Branch>
          <P Name="ZOrder">238</P>
          <P Name="Points">[0, 95]</P>
          <P Name="Dst">320#in:1</P>
        </Branch>
      </Line>
      <Line>
        <P Name="ZOrder">186</P>
        <P Name="Src">208#out:2</P>
        <P Name="Points">[26, 0]</P>
        <Branch>
          <P Name="ZOrder">246</P>
          <P Name="Dst">299#in:2</P>
        </Branch>
        <Branch>
          <P Name="ZOrder">239</P>
          <P Name="Points">[0, 70]</P>
          <P Name="Dst">320#in:2</P>
        </Branch>
      </Line>
      <Line>
        <P Name="ZOrder">192</P>
        <P Name="Src">301#out:1</P>
        <P Name="Dst">302#in:1</P>
      </Line>
      <Line>
        <P Name="ZOrder">208</P>
        <P Name="Src">310#out:1</P>
        <P Name="Points">[10, 0]</P>
        <P Name="Dst">301#in:2</P>
      </Line>
      <Line>
        <P Name="ZOrder">209</P>
        <P Name="Src">295#out:1</P>
        <P Name="Dst">310#in:1</P>
      </Line>
      <Line>
        <P Name="ZOrder">207</P>
        <P Name="Src">309#out:1</P>
        <P Name="Points">[1, 0; 0, 65]</P>
        <P Name="Dst">301#in:1</P>
      </Line>
      <Line>
        <P Name="ZOrder">206</P>
        <P Name="Src">299#out:1</P>
        <P Name="Points">[50, 0]</P>
        <P Name="Dst">309#in:1</P>
      </Line>
      <Line>
        <P Name="ZOrder">215</P>
        <P Name="Src">302#out:2</P>
        <P Name="Dst">196#in:1</P>
      </Line>
      <Line>
        <P Name="ZOrder">216</P>
        <P Name="Src">302#out:1</P>
        <P Name="Points">[56, 0; 0, 105]</P>
        <P Name="Dst">269#in:1</P>
      </Line>
      <Line>
        <P Name="ZOrder">242</P>
        <P Name="Src">320#out:1</P>
        <P Name="Points">[13, 0; 0, 140]</P>
        <P Name="Dst">295#in:4</P>
      </Line>
      <Line>
        <P Name="ZOrder">243</P>
        <P Name="Src">320#out:2</P>
        <P Name="Points">[32, 0; 0, 120]</P>
        <P Name="Dst">295#in:5</P>
      </Line>
      <Annotation SID="271">
        <P Name="Name">V_s
</P>
        <P Name="Position">[496, 341, 525, 359]</P>
        <P Name="InternalMargins">[0, 0, 0, 0]</P>
        <P Name="FixedHeight">on</P>
        <P Name="FixedWidth">on</P>
        <P Name="HorizontalAlignment">left</P>
        <P Name="VerticalAlignment">top</P>
        <P Name="ZOrder">-1</P>
      </Annotation>
    </System>
  </Model>
</ModelInformation>
